date,product Name,Product URL,Price,special_title
2023-12-14,【Lenovo】15.6吋N4120輕薄筆電(IdeaPad Slim 1/82V7005BTW/N4120/4G/128G/W11S+M365/灰),https://www.momoshop.com.tw/goods/GoodsDetail.jsp?i_code=11633854&str_category_code=2142800355&sourcePageType=4,"$7,990(售價已折)",滿1件折5000
2023-12-14,【Lenovo】15.6吋R5輕薄筆電(IdeaPad Slim 1/82R400F8TW/R5-5500U/8G/512G/W11),https://www.momoshop.com.tw/goods/GoodsDetail.jsp?i_code=11935041&str_category_code=2142800355&sourcePageType=4,"$11,990(售價已折)",滿1件折2500
2023-12-14,【Lenovo】升級16G記憶體★15.6吋i5輕薄筆電(IdeaPad Slim 3i/82RK00QWTW/i5-1235U/8G/512G/W11/深淵藍),https://www.momoshop.com.tw/goods/GoodsDetail.jsp?i_code=11595739&str_category_code=2142800355&sourcePageType=4,"$15,111(售價已折)",滿1件折3879
2023-12-14,【Lenovo】14吋i7輕薄商用筆電(S14 G3/82TWA00FTW/i7-1255U/8+8G/512G/W11P),https://www.momoshop.com.tw/goods/GoodsDetail.jsp?i_code=11865587&str_category_code=2142800355&sourcePageType=4,"$19,912(售價已折)",滿1件折5078
2023-12-14,【Lenovo】升級16G記憶體★15.6吋i5輕薄筆電(IdeaPad Slim 3i/82RK00QVTW/i5-1235U/8G/512G/W11/迷霧藍),https://www.momoshop.com.tw/goods/GoodsDetail.jsp?i_code=11595740&str_category_code=2142800355&sourcePageType=4,"$15,611(售價已折)",滿1件折3379
2023-12-14,【Lenovo】15.6吋i5 RTX3050Ti電競筆電(Legion 5/i5-12500H/16G/512GB/RTX3050TI-4G/WIN11/82RC00BTTW),https://www.momoshop.com.tw/goods/GoodsDetail.jsp?i_code=11243680&str_category_code=2142800355&sourcePageType=4,"$24,990(售價已折)",滿1件折12500
2023-12-14,【Lenovo】15.6吋i5輕薄筆電(IdeaPad Slim 3/83EM0008TW/i5-13420H/16G/512G/W11),https://www.momoshop.com.tw/goods/GoodsDetail.jsp?i_code=11865583&str_category_code=2142800355&sourcePageType=4,"$18,990",熱銷i5效能，窄邊大螢幕
2023-12-14,【Lenovo】14吋i7輕薄筆電(IdeaPad Slim 5/82XD007HTW/i7-13620H/16G/512G/W11),https://www.momoshop.com.tw/goods/GoodsDetail.jsp?i_code=11865585&str_category_code=2142800355&sourcePageType=4,"$24,990(售價已折)",滿1件折1000
2023-12-14,【Lenovo】15.6吋i5 RTX2050電競筆電(LOQ/i5-12450H/8G/512G/RTX2050-4G/W11/82XV00JFTW/灰),https://www.momoshop.com.tw/goods/GoodsDetail.jsp?i_code=11648666&str_category_code=2142800355&sourcePageType=4,"$21,990(售價已折)",滿1件折4000
2023-12-14,【Lenovo】升級16G記憶體★15.6吋i7獨顯電競筆電(Gaming 3i/82S900T6TW/i7-12650H/8G/512G/RTX3050TI/W11H),https://www.momoshop.com.tw/goods/GoodsDetail.jsp?i_code=11406107&str_category_code=2142800355&sourcePageType=4,"$27,290(售價已折)",滿1件折9700
2023-12-14,【Lenovo】15.6吋i5輕薄筆電(IdeaPad Slim 3/83ER000GTW/i5-12450H/8G/512G/W11),https://www.momoshop.com.tw/goods/GoodsDetail.jsp?i_code=11865582&str_category_code=2142800355&sourcePageType=4,"$15,111(售價已折)",滿1件折1779
2023-12-14,【Lenovo】15.6吋i5輕薄筆電(IdeaPad Slim 3i/82RK00QWTW/i5-1235U/8G/512G/W11/深淵藍),https://www.momoshop.com.tw/goods/GoodsDetail.jsp?i_code=11475972&str_category_code=2142800355&sourcePageType=4,"$15,111(售價已折)",滿1件折2879
2023-12-14,【Lenovo】獨家送紫色滑鼠★14吋i7輕薄筆電(IdeaPad Slim 5/82XD007HTW/i7-13620H/16G/512G/W11),https://www.momoshop.com.tw/goods/GoodsDetail.jsp?i_code=11906500&str_category_code=2142800355&sourcePageType=4,"$25,490(售價已折)",滿1件折500
2023-12-14,【Lenovo】17吋i5輕薄筆電(IdeaPad 3/82RL008MTW/i5-1235U/8G/512G/W11),https://www.momoshop.com.tw/goods/GoodsDetail.jsp?i_code=11865584&str_category_code=2142800355&sourcePageType=4,"$17,990(售價已折)",滿1件折500
2023-12-14,【Lenovo】15.6吋i5輕薄筆電(IdeaPad Slim 3i/82RK00QVTW/i5-1235U/8G/512G/W11/迷霧藍),https://www.momoshop.com.tw/goods/GoodsDetail.jsp?i_code=11475974&str_category_code=2142800355&sourcePageType=4,"$15,111(售價已折)",滿1件折2879
2023-12-14,【Lenovo】14吋i3翻轉觸控筆電(IdeaPad FLEX 5/82Y00032TW/i3-1315U/8G/512G/W11),https://www.momoshop.com.tw/goods/GoodsDetail.jsp?i_code=11774160&str_category_code=2142800355&sourcePageType=4,"$19,990(售價已折)",滿1件折5000
2023-12-14,【ThinkPad 聯想】15.6吋i5商用獨顯筆電(ThinkBook 15/i5-1235U/16G/512G/MX550/W11H),https://www.momoshop.com.tw/goods/GoodsDetail.jsp?i_code=11865644&str_category_code=2142800355&sourcePageType=4,"$20,990",
2023-12-14,【Lenovo】15.6吋i7 RTX3050Ti電競筆電(Gaming 3i/i7-12650H/8G/512G/RTX3050Ti/W11/82S900T6TW),https://www.momoshop.com.tw/goods/GoodsDetail.jsp?i_code=11348995&str_category_code=2142800355&sourcePageType=4,"$24,188(售價已折)",滿1件折12802
2023-12-14,【Lenovo】15.6吋i5輕薄筆電(IdeaPad Slim 3/83EM0007TW/i5-13420H/16G/512G/W11/藍),https://www.momoshop.com.tw/goods/GoodsDetail.jsp?i_code=11957674&str_category_code=2142800355&sourcePageType=4,"$18,990",熱銷i5效能，窄邊大螢幕
2023-12-14,【Lenovo】16吋i5 RTX3050TI電競筆電(Gaming 3i/i5-12500H/8GB/512GB/RTX3050TI-4G/W11H/82SA00C7TW),https://www.momoshop.com.tw/goods/GoodsDetail.jsp?i_code=11243878&str_category_code=2142800355&sourcePageType=4,"$25,990(售價已折)",滿1件折8000
2023-12-14,【Lenovo】15.6吋i5 RTX4050電競筆電(LOQ/i5-12450H/8G/512G/RTX4050-6G/W11/82XV00JSTW/灰),https://www.momoshop.com.tw/goods/GoodsDetail.jsp?i_code=11648667&str_category_code=2142800355&sourcePageType=4,"$24,990(售價已折)",滿1件折9000
2023-12-14,【Lenovo】15.6吋i7 RTX4050電競筆電(LOQ/i7-13620H/8G/512G/RTX4050-6G/W11/82XV008CTW/灰),https://www.momoshop.com.tw/goods/GoodsDetail.jsp?i_code=11475976&str_category_code=2142800355&sourcePageType=4,"$32,990(售價已折)",滿1件折7000
2023-12-14,【Lenovo】15.6吋i5 RTX4050電競筆電(LOQ/i5-13420H/8G/512G/RTX4050-6G/W11/82XV004NTW/灰),https://www.momoshop.com.tw/goods/GoodsDetail.jsp?i_code=11475975&str_category_code=2142800355&sourcePageType=4,"$27,990(售價已折)",滿1件折8000
2023-12-14,【Lenovo】送微軟M365+1TB雲端★15.6吋i5輕薄筆電(IdeaPad Slim 3i/82RK00QVTW/i5-1235U/8G/512G/W11),https://www.momoshop.com.tw/goods/GoodsDetail.jsp?i_code=11580703&str_category_code=2142800355&sourcePageType=4,"$16,611(售價已折)",滿1件折3379
2023-12-14,【Lenovo】15.6吋i7 RTX4060電競筆電(LOQ/i7-13620H/16GB/512G/RTX4060-8G/W11/82XV004PTW/灰),https://www.momoshop.com.tw/goods/GoodsDetail.jsp?i_code=11490246&str_category_code=2142800355&sourcePageType=4,"$39,990(售價已折)",滿1件折3000
2023-12-14,【Lenovo】16吋i7 RTX4070電競筆電(Legion Pro 5i/I7-13700HX/16G/1TB SSD/RTX4070/W11/82WK007BTW/灰),https://www.momoshop.com.tw/goods/GoodsDetail.jsp?i_code=11317099&str_category_code=2142800355&sourcePageType=4,"$64,990",
2023-12-14,【Lenovo】14吋R7輕薄筆電(Yoga Slim 7 Pro/82UU004STW/R7-6800HS/16GB/512GB/WIN11),https://www.momoshop.com.tw/goods/GoodsDetail.jsp?i_code=10970486&str_category_code=2142800355&sourcePageType=4,"$28,990(售價已折)",滿1件折7000
2023-12-14,【Lenovo】16吋R7獨顯RTX輕薄筆電(Yoga Slim 7 Pro/82UW003FTW/R7-6800HS/16GB/512GB/RTX3050-4G/W11),https://www.momoshop.com.tw/goods/GoodsDetail.jsp?i_code=10970487&str_category_code=2142800355&sourcePageType=4,"$36,990(售價已折)",滿1件折6000
2023-12-14,【Lenovo】13.3吋i7輕薄觸控筆電(Yoga Book 9i/82YQ000STW/i7-1355U/16G/1TB SSD/W11P/綠),https://www.momoshop.com.tw/goods/GoodsDetail.jsp?i_code=11620202&str_category_code=2142800355&sourcePageType=4,"$67,989(售價已折)",滿1件折1
2023-12-14,【Lenovo】15.6吋i5輕薄筆電(IdeaPad Slim 3/83EM0008TW/i5-13420H/16G/512G/W11),https://www.momoshop.com.tw/goods/GoodsDetail.jsp?i_code=11865583&str_category_code=2142800381&sourcePageType=4,"$18,990",熱銷i5效能，窄邊大螢幕
2023-12-14,【Lenovo】14吋i7輕薄筆電(IdeaPad Slim 5/82XD007HTW/i7-13620H/16G/512G/W11),https://www.momoshop.com.tw/goods/GoodsDetail.jsp?i_code=11865585&str_category_code=2142800381&sourcePageType=4,"$24,990(售價已折)",滿1件折1000
2023-12-14,【Lenovo】獨家送紫色滑鼠★14吋i7輕薄筆電(IdeaPad Slim 5/82XD007HTW/i7-13620H/16G/512G/W11),https://www.momoshop.com.tw/goods/GoodsDetail.jsp?i_code=11906500&str_category_code=2142800381&sourcePageType=4,"$25,490(售價已折)",滿1件折500
2023-12-14,【Lenovo】14吋i3翻轉觸控筆電(IdeaPad FLEX 5/82Y00032TW/i3-1315U/8G/512G/W11),https://www.momoshop.com.tw/goods/GoodsDetail.jsp?i_code=11774160&str_category_code=2142800381&sourcePageType=4,"$19,990(售價已折)",滿1件折5000
2023-12-14,【Lenovo】Office 2021組★15.6吋i5輕薄筆電(IdeaPad Slim 3i/82RK00QWTW/i5-1235U/8G/512G/W11/深淵藍),https://www.momoshop.com.tw/goods/GoodsDetail.jsp?i_code=11580675&str_category_code=2142800381&sourcePageType=4,"$19,111(售價已折)",滿1件折2879
2023-12-14,【Lenovo】15.6吋i5輕薄筆電(IdeaPad Slim 3/83EM0007TW/i5-13420H/16G/512G/W11/藍),https://www.momoshop.com.tw/goods/GoodsDetail.jsp?i_code=11957674&str_category_code=2142800381&sourcePageType=4,"$18,990",熱銷i5效能，窄邊大螢幕
2023-12-14,【Lenovo】Office 2021組★15.6吋i5輕薄筆電(IdeaPad Slim 3i/82RK00QVTW/i5-1235U/8G/512G/W11/迷霧藍),https://www.momoshop.com.tw/goods/GoodsDetail.jsp?i_code=11580676&str_category_code=2142800381&sourcePageType=4,"$19,111(售價已折)",滿1件折2879
2023-12-14,【Lenovo】15.6吋i7 RTX4050電競筆電(LOQ/i7-13620H/8G/512G/RTX4050-6G/W11/82XV008CTW/灰),https://www.momoshop.com.tw/goods/GoodsDetail.jsp?i_code=11475976&str_category_code=2142800381&sourcePageType=4,"$32,990(售價已折)",滿1件折7000
2023-12-14,【Lenovo】15.6吋i5 RTX4050電競筆電(LOQ/i5-13420H/8G/512G/RTX4050-6G/W11/82XV004NTW/灰),https://www.momoshop.com.tw/goods/GoodsDetail.jsp?i_code=11475975&str_category_code=2142800381&sourcePageType=4,"$27,990(售價已折)",滿1件折8000
2023-12-14,【Lenovo】送微軟M365+1TB雲端★15.6吋i5輕薄筆電(IdeaPad Slim 3/83EM0008TW/i5-13420H/16G/512G/W11),https://www.momoshop.com.tw/goods/GoodsDetail.jsp?i_code=12019086&str_category_code=2142800381&sourcePageType=4,"$20,490(售價已折)",滿1件折500
2023-12-14,【Lenovo】15.6吋i7 RTX4060電競筆電(LOQ/i7-13620H/16GB/512G/RTX4060-8G/W11/82XV004PTW/灰),https://www.momoshop.com.tw/goods/GoodsDetail.jsp?i_code=11490246&str_category_code=2142800381&sourcePageType=4,"$39,990(售價已折)",滿1件折3000
2023-12-14,【Lenovo】送微軟M365+1TB雲端★14吋i3翻轉觸控筆電(IdeaPad FLEX 5/82Y00032TW/i3-1315U/8G/512G/W11),https://www.momoshop.com.tw/goods/GoodsDetail.jsp?i_code=12019089&str_category_code=2142800381&sourcePageType=4,"$21,490(售價已折)",滿1件折5500
2023-12-14,【Lenovo】送微軟M365+1TB雲端★14吋i7輕薄筆電(IdeaPad Slim 5/82XD007HTW/i7-13620H/16G/512G/W11),https://www.momoshop.com.tw/goods/GoodsDetail.jsp?i_code=12019088&str_category_code=2142800381&sourcePageType=4,"$26,490(售價已折)",滿1件折1500
2023-12-14,【Lenovo】送微軟M365+1TB雲端★15.6吋i5輕薄筆電(IdeaPad Slim 3/83EM0007TW/i5-13420H/16G/512G/W11/藍),https://www.momoshop.com.tw/goods/GoodsDetail.jsp?i_code=12019085&str_category_code=2142800381&sourcePageType=4,"$20,490(售價已折)",滿1件折500
2023-12-14,【Lenovo】16吋i7 RTX4070電競筆電(Legion Pro 5i/I7-13700HX/16G/1TB SSD/RTX4070/W11/82WK007BTW/灰),https://www.momoshop.com.tw/goods/GoodsDetail.jsp?i_code=11317099&str_category_code=2142800381&sourcePageType=4,"$64,990",
2023-12-14,【Lenovo】Office 2021組★14吋R7輕薄筆電(Yoga Slim 7 Pro/82UU004STW/R7-6800HS/16GB/512GB/WIN11),https://www.momoshop.com.tw/goods/GoodsDetail.jsp?i_code=10988981&str_category_code=2142800381&sourcePageType=4,"$32,990(售價已折)",滿1件折7000
2023-12-14,【Lenovo】Office 2021組★16吋R7獨顯RTX筆電(Yoga Slim 7 Pro/82UW003FTW/R7-6800HS/16G/512G/RTX3050/W11,https://www.momoshop.com.tw/goods/GoodsDetail.jsp?i_code=10988982&str_category_code=2142800381&sourcePageType=4,"$40,990(售價已折)",滿1件折6000
2023-12-14,【ThinkPad 聯想】Office 2021組★15.6吋i5商務筆電(E15/i5-1240P/8G/512G/WIN11P),https://www.momoshop.com.tw/goods/GoodsDetail.jsp?i_code=11254139&str_category_code=2142800346&sourcePageType=4,"$22,990(售價已折)",滿1件折12000
2023-12-14,【Lenovo】Office 2021組★15.6吋i5輕薄筆電(IdeaPad Slim 3i/82RK00QWTW/i5-1235U/8G/512G/W11/深淵藍),https://www.momoshop.com.tw/goods/GoodsDetail.jsp?i_code=11580675&str_category_code=2142800346&sourcePageType=4,"$19,111(售價已折)",滿1件折2879
2023-12-14,【Lenovo】Office 2021組★15.6吋i5輕薄筆電(IdeaPad Slim 3i/82RK00QVTW/i5-1235U/8G/512G/W11/迷霧藍),https://www.momoshop.com.tw/goods/GoodsDetail.jsp?i_code=11580676&str_category_code=2142800346&sourcePageType=4,"$19,111(售價已折)",滿1件折2879
2023-12-14,【Lenovo】Office 2021組★14吋R7輕薄筆電(Yoga Slim 7 Pro/82UU004STW/R7-6800HS/16GB/512GB/WIN11),https://www.momoshop.com.tw/goods/GoodsDetail.jsp?i_code=10988981&str_category_code=2142800346&sourcePageType=4,"$32,990(售價已折)",滿1件折7000
2023-12-14,【ThinkPad 聯想】企業版Office2021組★14吋i7商用輕薄筆電(T14s/i7-1360P/16G/1TB SSD/W11P),https://www.momoshop.com.tw/goods/GoodsDetail.jsp?i_code=12193586&str_category_code=2142800346&sourcePageType=4,"$57,900(售價已折)",滿1件折4000
2023-12-14,【ThinkPad 聯想】Office2021組★14吋i5商用筆電(E14/i5-1340P/8G/512G/Non-OS),https://www.momoshop.com.tw/goods/GoodsDetail.jsp?i_code=12193044&str_category_code=2142800346&sourcePageType=4,"$25,490(售價已折)",滿1件折1000
2023-12-14,【Lenovo】Office 2021組★16吋R7獨顯RTX筆電(Yoga Slim 7 Pro/82UW003FTW/R7-6800HS/16G/512G/RTX3050/W11,https://www.momoshop.com.tw/goods/GoodsDetail.jsp?i_code=10988982&str_category_code=2142800346&sourcePageType=4,"$40,990(售價已折)",滿1件折6000
2023-12-14,【ThinkPad 聯想】Office2021組★14吋i5商用筆電(ThinkBook 14/i5-1340P/8G/512G/W11H),https://www.momoshop.com.tw/goods/GoodsDetail.jsp?i_code=12193831&str_category_code=2142800346&sourcePageType=4,"$28,990(售價已折)",滿1件折1000
2023-12-14,【ThinkPad 聯想】Office2021組★14吋i5商用獨顯筆電(ThinkBook 14/i5-1235U/16G/512G/MX550/W11H),https://www.momoshop.com.tw/goods/GoodsDetail.jsp?i_code=12193830&str_category_code=2142800346&sourcePageType=4,"$23,990(售價已折)",滿1件折1000
2023-12-14,【ThinkPad 聯想】企業版Office2021組★14吋i7MX550商務筆電(ThinkBook 14/i7-1255U/8G/512G/MX550/W11P),https://www.momoshop.com.tw/goods/GoodsDetail.jsp?i_code=12193828&str_category_code=2142800346&sourcePageType=4,"$38,990(售價已折)",滿1件折4000
2023-12-14,【ThinkPad 聯想】企業版Office2021組★14吋i5商務筆電(ThinkBook 14/i5-1235U/8G/512G/MX550/W11P DG W10P,https://www.momoshop.com.tw/goods/GoodsDetail.jsp?i_code=12193827&str_category_code=2142800346&sourcePageType=4,"$33,990",★搭載W11P&享3年保固
2023-12-14,【ThinkPad 聯想】Office2021組★15.6吋i5商用筆電(ThinkBook 15/i5-1340P/8G/512G/W11H),https://www.momoshop.com.tw/goods/GoodsDetail.jsp?i_code=12193824&str_category_code=2142800346&sourcePageType=4,"$28,990(售價已折)",滿1件折1000
2023-12-14,【ThinkPad 聯想】Office2021組★15.6吋i7商用筆電(ThinkBook 15/i7-1360P/16G/512G/W11H),https://www.momoshop.com.tw/goods/GoodsDetail.jsp?i_code=12193822&str_category_code=2142800346&sourcePageType=4,"$33,990(售價已折)",滿1件折1000
2023-12-14,【ThinkPad 聯想】Office2021組★15.6吋i5商用獨顯筆電(ThinkBook 15/i5-1235U/16G/512G/MX550/W11H),https://www.momoshop.com.tw/goods/GoodsDetail.jsp?i_code=12193821&str_category_code=2142800346&sourcePageType=4,"$24,990(售價已折)",滿1件折1000
2023-12-14,【Lenovo】企業版Office2021組★14吋i7輕薄商用筆電(S14 G3/82TWA00FTW/i7-1255U/8+8G/512G/W11P),https://www.momoshop.com.tw/goods/GoodsDetail.jsp?i_code=12193820&str_category_code=2142800346&sourcePageType=4,"$29,990(售價已折)",滿1件折4000
2023-12-14,【Lenovo】企業版Office2021組★14吋i5輕薄商用筆電(S14 G3/82TWA00ETW/i5-1235U/8+8G/512G/W11P),https://www.momoshop.com.tw/goods/GoodsDetail.jsp?i_code=12193819&str_category_code=2142800346&sourcePageType=4,"$28,900",全網獨家★momo限定
2023-12-14,【ThinkPad 聯想】企業版Office2021組★14吋i5商用筆電(X1 Carbon/i5-1340P/16G/1TB SSD/W11P),https://www.momoshop.com.tw/goods/GoodsDetail.jsp?i_code=12193817&str_category_code=2142800346&sourcePageType=4,"$56,900(售價已折)",滿1件折4000
2023-12-14,【ThinkPad 聯想】企業版Office2021組★14吋i7商用筆電(X1 Carbon/i7-1370P/32G/1TB SSD/W11P),https://www.momoshop.com.tw/goods/GoodsDetail.jsp?i_code=12193816&str_category_code=2142800346&sourcePageType=4,"$66,900(售價已折)",滿1件折4000
2023-12-14,【ThinkPad 聯想】企業版Office2021組★13.3吋i5商用筆電(X13/i5-1340P/16G/512G/W11P),https://www.momoshop.com.tw/goods/GoodsDetail.jsp?i_code=12193814&str_category_code=2142800346&sourcePageType=4,"$49,900(售價已折)",滿1件折4000
2023-12-14,【ThinkPad 聯想】企業版Office2021組★13.3吋i7商用筆電(X13/i7-1360P/16G/1TB SSD/W11P),https://www.momoshop.com.tw/goods/GoodsDetail.jsp?i_code=12193813&str_category_code=2142800346&sourcePageType=4,"$54,900(售價已折)",滿1件折4000
2023-12-14,【ThinkPad 聯想】企業版Office2021組★13吋R7PRO商務筆電(X13/R7PRO-6850U/16G/512GB SSD/W10P),https://www.momoshop.com.tw/goods/GoodsDetail.jsp?i_code=12193812&str_category_code=2142800346&sourcePageType=4,"$41,990",
2023-12-14,【ThinkPad 聯想】企業版Office2021組★16吋i7商用輕薄筆電(T16/i7-1360P/16G/1TB SSD/MX550/W11P),https://www.momoshop.com.tw/goods/GoodsDetail.jsp?i_code=12193810&str_category_code=2142800346&sourcePageType=4,"$53,900(售價已折)",滿1件折4000
2023-12-14,【ThinkPad 聯想】企業版Office2021組★14吋i5商用輕薄筆電(T14/i5-1340P/16G/512G/W11P),https://www.momoshop.com.tw/goods/GoodsDetail.jsp?i_code=12193740&str_category_code=2142800346&sourcePageType=4,"$47,900(售價已折)",滿1件折4000
2023-12-14,【ThinkPad 聯想】企業版Office2021組★14吋i7商用輕薄筆電(T14/i7-1360P/16G/1TB SSD/W11P),https://www.momoshop.com.tw/goods/GoodsDetail.jsp?i_code=12193729&str_category_code=2142800346&sourcePageType=4,"$54,900(售價已折)",滿1件折4000
2023-12-14,【ThinkPad 聯想】企業版Office2021組★14吋i5商用獨顯筆電(T14/i5-1240P/16G/512G/MX550/W11P),https://www.momoshop.com.tw/goods/GoodsDetail.jsp?i_code=12193721&str_category_code=2142800346&sourcePageType=4,"$44,900(售價已折)",滿1件折4000
2023-12-14,【ThinkPad 聯想】企業版Office2021組★14吋i7商用獨顯筆電(T14/i7-1260P/16G/1T/MX550/W11P),https://www.momoshop.com.tw/goods/GoodsDetail.jsp?i_code=12193595&str_category_code=2142800346&sourcePageType=4,"$48,900(售價已折)",滿1件折4000
2023-12-14,【ThinkPad 聯想】企業版Office2021組★15.6吋i5商用筆電(L15/i5-1340P/8G/512G SSD/W11P),https://www.momoshop.com.tw/goods/GoodsDetail.jsp?i_code=12193571&str_category_code=2142800346&sourcePageType=4,"$36,900(售價已折)",滿1件折4000
2023-12-14,【ThinkPad 聯想】企業版Office2021組★14吋i5商用筆電(L14/i5-1340P/8G/512G/W11P),https://www.momoshop.com.tw/goods/GoodsDetail.jsp?i_code=12193569&str_category_code=2142800346&sourcePageType=4,"$36,900(售價已折)",滿1件折4000
2023-12-14,【ThinkPad 聯想】Office2021組★16吋i5商用筆電(E16//i5-1340P/8G/512G/Non-OS),https://www.momoshop.com.tw/goods/GoodsDetail.jsp?i_code=12193566&str_category_code=2142800346&sourcePageType=4,"$25,990(售價已折)",滿1件折1000
2023-12-14,【ThinkPad 聯想】Office2021組★16吋i5商用筆電(E16/i5-1340P/8G/512G/W11H),https://www.momoshop.com.tw/goods/GoodsDetail.jsp?i_code=12193564&str_category_code=2142800346&sourcePageType=4,"$30,990(售價已折)",滿1件折1000
2023-12-14,【ThinkPad 聯想】Office2021組★16吋i7商用筆電(E16/i7-1360P/8G/512G/W11H),https://www.momoshop.com.tw/goods/GoodsDetail.jsp?i_code=12193562&str_category_code=2142800346&sourcePageType=4,"$33,990(售價已折)",滿1件折1000
2023-12-14,【ThinkPad 聯想】企業版Office2021組★15.6吋i5商務筆電(E15/i5-1240P/8G/512G/W11P),https://www.momoshop.com.tw/goods/GoodsDetail.jsp?i_code=12193045&str_category_code=2142800346&sourcePageType=4,"$35,990(售價已折)",滿1件折4000
2023-12-14,【ThinkPad 聯想】Office2021組★14吋i5商用筆電(E14/i5-1340P/8G/512G/W11H),https://www.momoshop.com.tw/goods/GoodsDetail.jsp?i_code=12193042&str_category_code=2142800346&sourcePageType=4,"$29,990(售價已折)",滿1件折1000
2023-12-14,【ThinkPad 聯想】Office2021組★14吋i7商用筆電(E14/i7-1360P/16G/512G/W11H),https://www.momoshop.com.tw/goods/GoodsDetail.jsp?i_code=12193039&str_category_code=2142800346&sourcePageType=4,"$34,990(售價已折)",滿1件折1000
2023-12-14,【ThinkPad 聯想】Office2021組★14吋i7商用筆電(E14/i7-1255U/16G/512G/W11H),https://www.momoshop.com.tw/goods/GoodsDetail.jsp?i_code=12193032&str_category_code=2142800346&sourcePageType=4,"$28,990(售價已折)",滿1件折1000
2023-12-14,【ThinkPad 聯想】Office2021組★14吋i5商用獨顯筆電(E14/i5-1235U/16G/512G/MX550/W11H),https://www.momoshop.com.tw/goods/GoodsDetail.jsp?i_code=12193031&str_category_code=2142800346&sourcePageType=4,"$25,990(售價已折)",滿1件折1000
2023-12-14,【Lenovo】15.6吋i5 RTX3050Ti電競筆電(Legion 5/i5-12500H/16G/512GB/RTX3050TI-4G/WIN11/82RC00BTTW),https://www.momoshop.com.tw/goods/GoodsDetail.jsp?i_code=11243680&str_category_code=2142800339&sourcePageType=4,"$24,990(售價已折)",滿1件折12500
2023-12-14,【Lenovo】15.6吋i5輕薄筆電(IdeaPad Slim 3i/82RK00QWTW/i5-1235U/8G/512G/W11/深淵藍),https://www.momoshop.com.tw/goods/GoodsDetail.jsp?i_code=11475972&str_category_code=2142800339&sourcePageType=4,"$15,111(售價已折)",滿1件折2879
2023-12-14,【Lenovo】15.6吋i5輕薄筆電(IdeaPad Slim 3i/82RK00QVTW/i5-1235U/8G/512G/W11/迷霧藍),https://www.momoshop.com.tw/goods/GoodsDetail.jsp?i_code=11475974&str_category_code=2142800339&sourcePageType=4,"$15,111(售價已折)",滿1件折2879
2023-12-14,【Lenovo】16吋i7 RTX4070電競筆電(Legion Pro 5i/I7-13700HX/16G/1TB SSD/RTX4070/W11/82WK007BTW/灰),https://www.momoshop.com.tw/goods/GoodsDetail.jsp?i_code=11317099&str_category_code=2142800339&sourcePageType=4,"$64,990",
2023-12-14,【Lenovo】14吋R7輕薄筆電(Yoga Slim 7 Pro/82UU004STW/R7-6800HS/16GB/512GB/WIN11),https://www.momoshop.com.tw/goods/GoodsDetail.jsp?i_code=10970486&str_category_code=2142800339&sourcePageType=4,"$28,990(售價已折)",滿1件折7000
2023-12-14,【Lenovo】16吋R7獨顯RTX輕薄筆電(Yoga Slim 7 Pro/82UW003FTW/R7-6800HS/16GB/512GB/RTX3050-4G/W11),https://www.momoshop.com.tw/goods/GoodsDetail.jsp?i_code=10970487&str_category_code=2142800339&sourcePageType=4,"$36,990(售價已折)",滿1件折6000
2023-12-14,【Lenovo】13.3吋i7輕薄觸控筆電(Yoga Book 9i/82YQ000STW/i7-1355U/16G/1TB SSD/W11P/綠),https://www.momoshop.com.tw/goods/GoodsDetail.jsp?i_code=11620202&str_category_code=2142800339&sourcePageType=4,"$67,989(售價已折)",滿1件折1
2023-12-14,【Lenovo】送250G外接SSD硬碟★15.6吋i5輕薄筆電(IdeaPad Slim 3i/82RK00QVTW/i5-1235U/8G/512G/W11),https://www.momoshop.com.tw/goods/GoodsDetail.jsp?i_code=11580304&str_category_code=2142800368&sourcePageType=4,"$16,111(售價已折)",滿1件折2879
2023-12-14,【Lenovo】送250G外接SSD硬碟★15.6吋i5輕薄筆電(IdeaPad Slim 3i/82RK00QWTW/i5-1235U/8G/512G/W11),https://www.momoshop.com.tw/goods/GoodsDetail.jsp?i_code=11580303&str_category_code=2142800368&sourcePageType=4,"$16,111(售價已折)",滿1件折2879
2023-12-14,【Lenovo】送250G外接SSD硬碟★14吋筆電(Yoga Slim 7 Pro/82UU004STW/R7-6800HS/16GB/512GB/W11),https://www.momoshop.com.tw/goods/GoodsDetail.jsp?i_code=11395974&str_category_code=2142800368&sourcePageType=4,"$29,990(售價已折)",滿1件折7000
2023-12-14,【Lenovo】送250G外接SSD硬碟★R7獨顯筆電(Yoga Slim 7 Pro/82UW003FTW/R7-6800HS/16G/512G/RTX3050),https://www.momoshop.com.tw/goods/GoodsDetail.jsp?i_code=11395976&str_category_code=2142800368&sourcePageType=4,"$37,990(售價已折)",滿1件折6000
2023-12-14,【Lenovo】升級16G記憶體★15.6吋i5輕薄筆電(IdeaPad Slim 3i/82RK00QWTW/i5-1235U/8G/512G/W11/深淵藍),https://www.momoshop.com.tw/goods/GoodsDetail.jsp?i_code=11595739&str_category_code=2142800329&sourcePageType=4,"$15,111(售價已折)",滿1件折3879
2023-12-14,【Lenovo】升級16G記憶體★15.6吋i5輕薄筆電(IdeaPad Slim 3i/82RK00QVTW/i5-1235U/8G/512G/W11/迷霧藍),https://www.momoshop.com.tw/goods/GoodsDetail.jsp?i_code=11595740&str_category_code=2142800329&sourcePageType=4,"$15,611(售價已折)",滿1件折3379
2023-12-14,【Lenovo】升級16G記憶體★15.6吋i7獨顯電競筆電(Gaming 3i/82S900T6TW/i7-12650H/8G/512G/RTX3050TI/W11H),https://www.momoshop.com.tw/goods/GoodsDetail.jsp?i_code=11406107&str_category_code=2142800329&sourcePageType=4,"$27,290(售價已折)",滿1件折9700
2023-12-14,【ThinkPad】升級16G記憶體★16吋i5商用筆電(E16//i5-1340P/8G/512G/Non-OS),https://www.momoshop.com.tw/goods/GoodsDetail.jsp?i_code=11811602&str_category_code=2142800329&sourcePageType=4,"$19,412(售價已折)",滿1件折3578
2023-12-14,【ThinkPad】升級16G記憶體★14吋i5商用筆電(E14/i5-1340P/8G/512G/Non-OS),https://www.momoshop.com.tw/goods/GoodsDetail.jsp?i_code=11811601&str_category_code=2142800329&sourcePageType=4,"$19,412(售價已折)",滿1件折3078
2023-12-14,【ThinkPad 聯想】升級16G記憶體★14吋i5商用筆電(ThinkBook 14/i5-1340P/8G/512G/W11H),https://www.momoshop.com.tw/goods/GoodsDetail.jsp?i_code=11962970&str_category_code=2142800329&sourcePageType=4,"$21,990(售價已折)",滿1件折3000
2023-12-14,【ThinkPad 聯想】升級16G記憶體★14吋i7獨顯MX550商務筆電(Thinkbook 14/i7-1255U/8G/512G/MX550-2G/W11P),https://www.momoshop.com.tw/goods/GoodsDetail.jsp?i_code=11609367&str_category_code=2142800329&sourcePageType=4,"$24,490(售價已折)",滿1件折9500
2023-12-14,【ThinkPad 聯想】升級16G記憶體組★16吋i7商用筆電(E16/i7-1360P/8G/512G/W11H),https://www.momoshop.com.tw/goods/GoodsDetail.jsp?i_code=11937945&str_category_code=2142800329&sourcePageType=4,"$28,400(售價已折)",滿1件折2590
2023-12-14,【Lenovo】升級16G記憶體★15.6吋i5輕薄筆電(IdeaPad Slim 3i/82RK00QWTW/i5-1235U/8G/512G/W11/深淵藍),https://www.momoshop.com.tw/goods/GoodsDetail.jsp?i_code=11595739&str_category_code=2142800364&sourcePageType=4,"$15,111(售價已折)",滿1件折3879
2023-12-14,【Lenovo】升級16G記憶體★15.6吋i5輕薄筆電(IdeaPad Slim 3i/82RK00QVTW/i5-1235U/8G/512G/W11/迷霧藍),https://www.momoshop.com.tw/goods/GoodsDetail.jsp?i_code=11595740&str_category_code=2142800364&sourcePageType=4,"$15,611(售價已折)",滿1件折3379
2023-12-14,【Lenovo】升級16G記憶體★15.6吋i7獨顯電競筆電(Gaming 3i/82S900T6TW/i7-12650H/8G/512G/RTX3050TI/W11H),https://www.momoshop.com.tw/goods/GoodsDetail.jsp?i_code=11406107&str_category_code=2142800364&sourcePageType=4,"$27,290(售價已折)",滿1件折9700
2023-12-14,【ThinkPad】升級16G記憶體★16吋i5商用筆電(E16//i5-1340P/8G/512G/Non-OS),https://www.momoshop.com.tw/goods/GoodsDetail.jsp?i_code=11811602&str_category_code=2142800364&sourcePageType=4,"$19,412(售價已折)",滿1件折3578
2023-12-14,【ThinkPad】升級16G記憶體★14吋i5商用筆電(E14/i5-1340P/8G/512G/Non-OS),https://www.momoshop.com.tw/goods/GoodsDetail.jsp?i_code=11811601&str_category_code=2142800364&sourcePageType=4,"$19,412(售價已折)",滿1件折3078
2023-12-14,【ThinkPad 聯想】升級16G記憶體★14吋i5商用筆電(ThinkBook 14/i5-1340P/8G/512G/W11H),https://www.momoshop.com.tw/goods/GoodsDetail.jsp?i_code=11962970&str_category_code=2142800364&sourcePageType=4,"$21,990(售價已折)",滿1件折3000
2023-12-14,【ThinkPad 聯想】升級16G記憶體★14吋i7獨顯MX550商務筆電(Thinkbook 14/i7-1255U/8G/512G/MX550-2G/W11P),https://www.momoshop.com.tw/goods/GoodsDetail.jsp?i_code=11609367&str_category_code=2142800364&sourcePageType=4,"$24,490(售價已折)",滿1件折9500
2023-12-14,【ThinkPad 聯想】升級16G記憶體★14吋i5獨顯MX550商務筆電(ThinkBook 14/i5-1235U/8G/512G/W11P DG W10P),https://www.momoshop.com.tw/goods/GoodsDetail.jsp?i_code=11897173&str_category_code=2142800364&sourcePageType=4,"$24,490(售價已折)",滿1件折1500
2023-12-14,【ThinkPad 聯想】升級16G記憶體組★16吋i7商用筆電(E16/i7-1360P/8G/512G/W11H),https://www.momoshop.com.tw/goods/GoodsDetail.jsp?i_code=11937945&str_category_code=2142800364&sourcePageType=4,"$28,400(售價已折)",滿1件折2590
2023-12-14,【Lenovo】送微軟M365+1TB雲端★14吋i7輕薄商用筆電(S14 G3/82TWA00FTW/i7-1255U/8+8G/512G/W11P),https://www.momoshop.com.tw/goods/GoodsDetail.jsp?i_code=12071045&str_category_code=2142800361&sourcePageType=4,"$20,912(售價已折)",滿1件折6078
2023-12-14,【Lenovo】送微軟M365+1TB雲端★15.6吋R5輕薄筆電(IdeaPad Slim 1/82R400F8TW/R5-5500U/8G/512G/W11),https://www.momoshop.com.tw/goods/GoodsDetail.jsp?i_code=12019081&str_category_code=2142800361&sourcePageType=4,"$13,490(售價已折)",滿1件折3000
2023-12-14,【Lenovo】送微軟M365+1TB雲端★15.6吋i5輕薄筆電(IdeaPad Slim 3i/82RK00QWTW/i5-1235U/8G/512G/W11),https://www.momoshop.com.tw/goods/GoodsDetail.jsp?i_code=11580702&str_category_code=2142800361&sourcePageType=4,"$16,611(售價已折)",滿1件折3379
2023-12-14,【Lenovo】送微軟M365+1TB雲端★15.6吋i5輕薄筆電(IdeaPad Slim 3/83EM0008TW/i5-13420H/16G/512G/W11),https://www.momoshop.com.tw/goods/GoodsDetail.jsp?i_code=12019086&str_category_code=2142800361&sourcePageType=4,"$20,490(售價已折)",滿1件折500
2023-12-14,【Lenovo】送微軟M365+1TB雲端★15.6吋i5輕薄筆電(IdeaPad Slim 3i/82RK00QVTW/i5-1235U/8G/512G/W11),https://www.momoshop.com.tw/goods/GoodsDetail.jsp?i_code=11580703&str_category_code=2142800361&sourcePageType=4,"$16,611(售價已折)",滿1件折3379
2023-12-14,【ThinkPad 聯想】送微軟M365+1TB雲端★16吋i5商用筆電(E16/i5-1340P/8G/512G/W11H),https://www.momoshop.com.tw/goods/GoodsDetail.jsp?i_code=12019091&str_category_code=2142800361&sourcePageType=4,"$24,412(售價已折)",滿1件折4578
2023-12-14,【Lenovo】送微軟M365+1TB雲端★14吋i3翻轉觸控筆電(IdeaPad FLEX 5/82Y00032TW/i3-1315U/8G/512G/W11),https://www.momoshop.com.tw/goods/GoodsDetail.jsp?i_code=12019089&str_category_code=2142800361&sourcePageType=4,"$21,490(售價已折)",滿1件折5500
2023-12-14,【Lenovo】送微軟M365+1TB雲端★14吋i7輕薄筆電(IdeaPad Slim 5/82XD007HTW/i7-13620H/16G/512G/W11),https://www.momoshop.com.tw/goods/GoodsDetail.jsp?i_code=12019088&str_category_code=2142800361&sourcePageType=4,"$26,490(售價已折)",滿1件折1500
2023-12-14,【Lenovo】送微軟M365+1TB雲端★17吋i5輕薄筆電(IdeaPad 3/82RL008MTW/i5-1235U/8G/512G/W11),https://www.momoshop.com.tw/goods/GoodsDetail.jsp?i_code=12019087&str_category_code=2142800361&sourcePageType=4,"$19,490(售價已折)",滿1件折1000
2023-12-14,【Lenovo】送微軟M365+1TB雲端★15.6吋i5輕薄筆電(IdeaPad Slim 3/83EM0007TW/i5-13420H/16G/512G/W11/藍),https://www.momoshop.com.tw/goods/GoodsDetail.jsp?i_code=12019085&str_category_code=2142800361&sourcePageType=4,"$20,490(售價已折)",滿1件折500
2023-12-14,【Lenovo】送微軟M365+1TB雲端★15.6吋i5輕薄筆電(IdeaPad Slim 3/83ER000GTW/i5-12450H/8G/512G/W11),https://www.momoshop.com.tw/goods/GoodsDetail.jsp?i_code=12019084&str_category_code=2142800361&sourcePageType=4,"$16,611(售價已折)",滿1件折2279
2023-12-14,【ThinkPad】送微軟M365+1TB雲端★16吋i5商用筆電(E16//i5-1340P/8G/512G/Non-OS),https://www.momoshop.com.tw/goods/GoodsDetail.jsp?i_code=11811629&str_category_code=2142800361&sourcePageType=4,"$20,412(售價已折)",滿1件折3578
2023-12-14,【ThinkPad】送微軟M365+1TB雲端★14吋i5商用筆電(E14/i5-1340P/8G/512G/Non-OS),https://www.momoshop.com.tw/goods/GoodsDetail.jsp?i_code=11811618&str_category_code=2142800361&sourcePageType=4,"$20,412(售價已折)",滿1件折3078
2023-12-14,【ThinkPad 聯想】Office 2021組★15.6吋i5商務筆電(E15/i5-1240P/8G/512G/WIN11P),https://www.momoshop.com.tw/goods/GoodsDetail.jsp?i_code=11254139&str_category_code=2142800362&sourcePageType=4,"$22,990(售價已折)",滿1件折12000
2023-12-14,【Lenovo】Office 2021組★15.6吋i5輕薄筆電(IdeaPad Slim 3i/82RK00QWTW/i5-1235U/8G/512G/W11/深淵藍),https://www.momoshop.com.tw/goods/GoodsDetail.jsp?i_code=11580675&str_category_code=2142800362&sourcePageType=4,"$19,111(售價已折)",滿1件折2879
2023-12-14,【Lenovo】Office 2021組★15.6吋i5輕薄筆電(IdeaPad Slim 3i/82RK00QVTW/i5-1235U/8G/512G/W11/迷霧藍),https://www.momoshop.com.tw/goods/GoodsDetail.jsp?i_code=11580676&str_category_code=2142800362&sourcePageType=4,"$19,111(售價已折)",滿1件折2879
2023-12-14,【Lenovo】Office 2021組★14吋R7輕薄筆電(Yoga Slim 7 Pro/82UU004STW/R7-6800HS/16GB/512GB/WIN11),https://www.momoshop.com.tw/goods/GoodsDetail.jsp?i_code=10988981&str_category_code=2142800362&sourcePageType=4,"$32,990(售價已折)",滿1件折7000
2023-12-14,【ThinkPad 聯想】企業版Office2021組★14吋i7商用輕薄筆電(T14s/i7-1360P/16G/1TB SSD/W11P),https://www.momoshop.com.tw/goods/GoodsDetail.jsp?i_code=12193586&str_category_code=2142800362&sourcePageType=4,"$57,900(售價已折)",滿1件折4000
2023-12-14,【ThinkPad 聯想】Office2021組★14吋i5商用筆電(E14/i5-1340P/8G/512G/Non-OS),https://www.momoshop.com.tw/goods/GoodsDetail.jsp?i_code=12193044&str_category_code=2142800362&sourcePageType=4,"$25,490(售價已折)",滿1件折1000
2023-12-14,【Lenovo】Office 2021組★16吋R7獨顯RTX筆電(Yoga Slim 7 Pro/82UW003FTW/R7-6800HS/16G/512G/RTX3050/W11,https://www.momoshop.com.tw/goods/GoodsDetail.jsp?i_code=10988982&str_category_code=2142800362&sourcePageType=4,"$40,990(售價已折)",滿1件折6000
2023-12-14,【ThinkPad 聯想】Office2021組★14吋i5商用筆電(ThinkBook 14/i5-1340P/8G/512G/W11H),https://www.momoshop.com.tw/goods/GoodsDetail.jsp?i_code=12193831&str_category_code=2142800362&sourcePageType=4,"$28,990(售價已折)",滿1件折1000
2023-12-14,【ThinkPad 聯想】Office2021組★14吋i5商用獨顯筆電(ThinkBook 14/i5-1235U/16G/512G/MX550/W11H),https://www.momoshop.com.tw/goods/GoodsDetail.jsp?i_code=12193830&str_category_code=2142800362&sourcePageType=4,"$23,990(售價已折)",滿1件折1000
2023-12-14,【ThinkPad 聯想】企業版Office2021組★14吋i7MX550商務筆電(ThinkBook 14/i7-1255U/8G/512G/MX550/W11P),https://www.momoshop.com.tw/goods/GoodsDetail.jsp?i_code=12193828&str_category_code=2142800362&sourcePageType=4,"$38,990(售價已折)",滿1件折4000
2023-12-14,【ThinkPad 聯想】企業版Office2021組★14吋i5商務筆電(ThinkBook 14/i5-1235U/8G/512G/MX550/W11P DG W10P,https://www.momoshop.com.tw/goods/GoodsDetail.jsp?i_code=12193827&str_category_code=2142800362&sourcePageType=4,"$33,990",★搭載W11P&享3年保固
2023-12-14,【ThinkPad 聯想】Office2021組★15.6吋i5商用筆電(ThinkBook 15/i5-1340P/8G/512G/W11H),https://www.momoshop.com.tw/goods/GoodsDetail.jsp?i_code=12193824&str_category_code=2142800362&sourcePageType=4,"$28,990(售價已折)",滿1件折1000
2023-12-14,【ThinkPad 聯想】Office2021組★15.6吋i7商用筆電(ThinkBook 15/i7-1360P/16G/512G/W11H),https://www.momoshop.com.tw/goods/GoodsDetail.jsp?i_code=12193822&str_category_code=2142800362&sourcePageType=4,"$33,990(售價已折)",滿1件折1000
2023-12-14,【ThinkPad 聯想】Office2021組★15.6吋i5商用獨顯筆電(ThinkBook 15/i5-1235U/16G/512G/MX550/W11H),https://www.momoshop.com.tw/goods/GoodsDetail.jsp?i_code=12193821&str_category_code=2142800362&sourcePageType=4,"$24,990(售價已折)",滿1件折1000
2023-12-14,【Lenovo】企業版Office2021組★14吋i7輕薄商用筆電(S14 G3/82TWA00FTW/i7-1255U/8+8G/512G/W11P),https://www.momoshop.com.tw/goods/GoodsDetail.jsp?i_code=12193820&str_category_code=2142800362&sourcePageType=4,"$29,990(售價已折)",滿1件折4000
2023-12-14,【Lenovo】企業版Office2021組★14吋i5輕薄商用筆電(S14 G3/82TWA00ETW/i5-1235U/8+8G/512G/W11P),https://www.momoshop.com.tw/goods/GoodsDetail.jsp?i_code=12193819&str_category_code=2142800362&sourcePageType=4,"$28,900",全網獨家★momo限定
2023-12-14,【ThinkPad 聯想】企業版Office2021組★14吋i5商用筆電(X1 Carbon/i5-1340P/16G/1TB SSD/W11P),https://www.momoshop.com.tw/goods/GoodsDetail.jsp?i_code=12193817&str_category_code=2142800362&sourcePageType=4,"$56,900(售價已折)",滿1件折4000
2023-12-14,【ThinkPad 聯想】企業版Office2021組★14吋i7商用筆電(X1 Carbon/i7-1370P/32G/1TB SSD/W11P),https://www.momoshop.com.tw/goods/GoodsDetail.jsp?i_code=12193816&str_category_code=2142800362&sourcePageType=4,"$66,900(售價已折)",滿1件折4000
2023-12-14,【ThinkPad 聯想】企業版Office2021組★13.3吋i5商用筆電(X13/i5-1340P/16G/512G/W11P),https://www.momoshop.com.tw/goods/GoodsDetail.jsp?i_code=12193814&str_category_code=2142800362&sourcePageType=4,"$49,900(售價已折)",滿1件折4000
2023-12-14,【ThinkPad 聯想】企業版Office2021組★13.3吋i7商用筆電(X13/i7-1360P/16G/1TB SSD/W11P),https://www.momoshop.com.tw/goods/GoodsDetail.jsp?i_code=12193813&str_category_code=2142800362&sourcePageType=4,"$54,900(售價已折)",滿1件折4000
2023-12-14,【ThinkPad 聯想】企業版Office2021組★13吋R7PRO商務筆電(X13/R7PRO-6850U/16G/512GB SSD/W10P),https://www.momoshop.com.tw/goods/GoodsDetail.jsp?i_code=12193812&str_category_code=2142800362&sourcePageType=4,"$41,990",
2023-12-14,【ThinkPad 聯想】企業版Office2021組★16吋i7商用輕薄筆電(T16/i7-1360P/16G/1TB SSD/MX550/W11P),https://www.momoshop.com.tw/goods/GoodsDetail.jsp?i_code=12193810&str_category_code=2142800362&sourcePageType=4,"$53,900(售價已折)",滿1件折4000
2023-12-14,【ThinkPad 聯想】企業版Office2021組★14吋i5商用輕薄筆電(T14/i5-1340P/16G/512G/W11P),https://www.momoshop.com.tw/goods/GoodsDetail.jsp?i_code=12193740&str_category_code=2142800362&sourcePageType=4,"$47,900(售價已折)",滿1件折4000
2023-12-14,【ThinkPad 聯想】企業版Office2021組★14吋i7商用輕薄筆電(T14/i7-1360P/16G/1TB SSD/W11P),https://www.momoshop.com.tw/goods/GoodsDetail.jsp?i_code=12193729&str_category_code=2142800362&sourcePageType=4,"$54,900(售價已折)",滿1件折4000
2023-12-14,【ThinkPad 聯想】企業版Office2021組★14吋i5商用獨顯筆電(T14/i5-1240P/16G/512G/MX550/W11P),https://www.momoshop.com.tw/goods/GoodsDetail.jsp?i_code=12193721&str_category_code=2142800362&sourcePageType=4,"$44,900(售價已折)",滿1件折4000
2023-12-14,【ThinkPad 聯想】企業版Office2021組★14吋i7商用獨顯筆電(T14/i7-1260P/16G/1T/MX550/W11P),https://www.momoshop.com.tw/goods/GoodsDetail.jsp?i_code=12193595&str_category_code=2142800362&sourcePageType=4,"$48,900(售價已折)",滿1件折4000
2023-12-14,【ThinkPad 聯想】企業版Office2021組★15.6吋i5商用筆電(L15/i5-1340P/8G/512G SSD/W11P),https://www.momoshop.com.tw/goods/GoodsDetail.jsp?i_code=12193571&str_category_code=2142800362&sourcePageType=4,"$36,900(售價已折)",滿1件折4000
2023-12-14,【ThinkPad 聯想】企業版Office2021組★14吋i5商用筆電(L14/i5-1340P/8G/512G/W11P),https://www.momoshop.com.tw/goods/GoodsDetail.jsp?i_code=12193569&str_category_code=2142800362&sourcePageType=4,"$36,900(售價已折)",滿1件折4000
2023-12-14,【ThinkPad 聯想】Office2021組★16吋i5商用筆電(E16//i5-1340P/8G/512G/Non-OS),https://www.momoshop.com.tw/goods/GoodsDetail.jsp?i_code=12193566&str_category_code=2142800362&sourcePageType=4,"$25,990(售價已折)",滿1件折1000
2023-12-14,【ThinkPad 聯想】Office2021組★16吋i5商用筆電(E16/i5-1340P/8G/512G/W11H),https://www.momoshop.com.tw/goods/GoodsDetail.jsp?i_code=12193564&str_category_code=2142800362&sourcePageType=4,"$30,990(售價已折)",滿1件折1000
2023-12-14,【ThinkPad 聯想】Office2021組★16吋i7商用筆電(E16/i7-1360P/8G/512G/W11H),https://www.momoshop.com.tw/goods/GoodsDetail.jsp?i_code=12193562&str_category_code=2142800362&sourcePageType=4,"$33,990(售價已折)",滿1件折1000
2023-12-14,【ThinkPad 聯想】企業版Office2021組★15.6吋i5商務筆電(E15/i5-1240P/8G/512G/W11P),https://www.momoshop.com.tw/goods/GoodsDetail.jsp?i_code=12193045&str_category_code=2142800362&sourcePageType=4,"$35,990(售價已折)",滿1件折4000
2023-12-14,【ThinkPad 聯想】Office2021組★14吋i5商用筆電(E14/i5-1340P/8G/512G/W11H),https://www.momoshop.com.tw/goods/GoodsDetail.jsp?i_code=12193042&str_category_code=2142800362&sourcePageType=4,"$29,990(售價已折)",滿1件折1000
2023-12-14,【ThinkPad 聯想】Office2021組★14吋i7商用筆電(E14/i7-1360P/16G/512G/W11H),https://www.momoshop.com.tw/goods/GoodsDetail.jsp?i_code=12193039&str_category_code=2142800362&sourcePageType=4,"$34,990(售價已折)",滿1件折1000
2023-12-14,【ThinkPad 聯想】Office2021組★14吋i7商用筆電(E14/i7-1255U/16G/512G/W11H),https://www.momoshop.com.tw/goods/GoodsDetail.jsp?i_code=12193032&str_category_code=2142800362&sourcePageType=4,"$28,990(售價已折)",滿1件折1000
2023-12-14,【ThinkPad 聯想】Office2021組★14吋i5商用獨顯筆電(E14/i5-1235U/16G/512G/MX550/W11H),https://www.momoshop.com.tw/goods/GoodsDetail.jsp?i_code=12193031&str_category_code=2142800362&sourcePageType=4,"$25,990(售價已折)",滿1件折1000
2023-12-14,【ThinkPad 聯想】14吋i5商用獨顯筆電(ThinkBook 14/i5-1235U/16G/512G/MX550/W11H),https://www.momoshop.com.tw/goods/GoodsDetail.jsp?i_code=11865590&str_category_code=2142800236&sourcePageType=4,"$19,990",
2023-12-14,【ThinkPad 聯想】14吋i5商用獨顯筆電(E14/i5-1235U/16G/512G/MX550/W11H),https://www.momoshop.com.tw/goods/GoodsDetail.jsp?i_code=11865595&str_category_code=2142800236&sourcePageType=4,"$21,212(售價已折)",滿1件折778
2023-12-14,【ThinkPad 聯想】15.6吋i5商用獨顯筆電(ThinkBook 15/i5-1235U/16G/512G/MX550/W11H),https://www.momoshop.com.tw/goods/GoodsDetail.jsp?i_code=11865644&str_category_code=2142800236&sourcePageType=4,"$20,990",
2023-12-14,【ThinkPad 聯想】14吋i5商用獨顯筆電(T14/i5-1240P/16G/512G/MX550/W11P),https://www.momoshop.com.tw/goods/GoodsDetail.jsp?i_code=11871749&str_category_code=2142800236&sourcePageType=4,"$33,900(售價已折)",滿1件折6000
2023-12-14,【ThinkPad 聯想】升級16G記憶體★14吋i7獨顯MX550商務筆電(Thinkbook 14/i7-1255U/8G/512G/MX550-2G/W11P),https://www.momoshop.com.tw/goods/GoodsDetail.jsp?i_code=11609367&str_category_code=2142800236&sourcePageType=4,"$24,490(售價已折)",滿1件折9500
2023-12-14,【ThinkPad 聯想】14吋i7商用獨顯筆電(T14/i7-1260P/16G/1T/MX550/W11P),https://www.momoshop.com.tw/goods/GoodsDetail.jsp?i_code=11871748&str_category_code=2142800236&sourcePageType=4,"$39,900(售價已折)",滿1件折4000
2023-12-14,【ThinkPad 聯想】升級16G記憶體★14吋i5獨顯MX550商務筆電(ThinkBook 14/i5-1235U/8G/512G/W11P DG W10P),https://www.momoshop.com.tw/goods/GoodsDetail.jsp?i_code=11897173&str_category_code=2142800236&sourcePageType=4,"$24,490(售價已折)",滿1件折1500
2023-12-14,【ThinkPad 聯想】14吋i7獨顯MX550商務筆電(ThinkBook 14/i7-1255U/8G/512G/MX550-2G/W11P),https://www.momoshop.com.tw/goods/GoodsDetail.jsp?i_code=11499515&str_category_code=2142800236&sourcePageType=4,"$23,990(售價已折)",滿1件折10000
2023-12-14,【ThinkPad 聯想】16吋i7商用輕薄筆電(T16/i7-1360P/16G/1TB SSD/MX550/W11P),https://www.momoshop.com.tw/goods/GoodsDetail.jsp?i_code=11495440&str_category_code=2142800236&sourcePageType=4,"$46,900(售價已折)",滿1件折2000
2023-12-14,【ThinkPad 聯想】升級24G組★14吋i5商用獨顯筆電(TB14/21DH00ASTW/I5-1235U/8G/512G/MX550/W11PDG),https://www.momoshop.com.tw/goods/GoodsDetail.jsp?i_code=11944488&str_category_code=2142800236&sourcePageType=4,"$24,990(售價已折)",滿1件折1000
2023-12-14,【ThinkPad 聯想】14吋i5 MX550商務筆電(ThinkBook 14/i5-1235U/8G/512G/MX550/W11P DG W10P),https://www.momoshop.com.tw/goods/GoodsDetail.jsp?i_code=11774161&str_category_code=2142800236&sourcePageType=4,"$23,990(售價已折)",滿1件折1000
2023-12-14,【ThinkPad 聯想】15.6吋R5商用筆電(ThinkBook 15/R5-7530U/16G/1T/NOOS),https://www.momoshop.com.tw/goods/GoodsDetail.jsp?i_code=12008996&str_category_code=2142800156&sourcePageType=4,"$12,912(售價已折)",滿1件折2078
2023-12-14,【ThinkPad 聯想】13吋R7PRO商務筆電(X13/R7PRO-6850U/16G/512GB SSD/W10P),https://www.momoshop.com.tw/goods/GoodsDetail.jsp?i_code=11774159&str_category_code=2142800156&sourcePageType=4,"$29,999(售價已折)",滿1件折2991
2023-12-14,【ThinkPad 聯想】15.6吋R7商用筆電(ThinkBook 15/R7-7730U/16G/1T/NOOS),https://www.momoshop.com.tw/goods/GoodsDetail.jsp?i_code=12008995&str_category_code=2142800156&sourcePageType=4,"$17,912(售價已折)",滿1件折78
2023-12-14,【ThinkPad 聯想】14吋i7商用筆電(X1 Carbon/i7-1370P/32G/1TB SSD/W11P),https://www.momoshop.com.tw/goods/GoodsDetail.jsp?i_code=11703180&str_category_code=2142800189&sourcePageType=4,"$59,900(售價已折)",滿1件折2000
2023-12-14,【ThinkPad 聯想】14吋i5商用筆電(X1 Carbon/i5-1340P/16G/1TB SSD/W11P),https://www.momoshop.com.tw/goods/GoodsDetail.jsp?i_code=11431165&str_category_code=2142800189&sourcePageType=4,"$49,900(售價已折)",滿1件折2000
2023-12-14,【ThinkPad 聯想】13吋R7PRO商務筆電(X13/R7PRO-6850U/16G/512GB SSD/W10P),https://www.momoshop.com.tw/goods/GoodsDetail.jsp?i_code=11774159&str_category_code=2142800053&sourcePageType=4,"$29,999(售價已折)",滿1件折2991
2023-12-14,【ThinkPad 聯想】13.3吋i7商用筆電(X13/i7-1360P/16G/1TB SSD/W11P),https://www.momoshop.com.tw/goods/GoodsDetail.jsp?i_code=11495453&str_category_code=2142800053&sourcePageType=4,"$47,900(售價已折)",滿1件折2000
2023-12-14,【ThinkPad 聯想】13.3吋i5商用筆電(X13/i5-1340P/16G/512G/W11P),https://www.momoshop.com.tw/goods/GoodsDetail.jsp?i_code=11495454&str_category_code=2142800053&sourcePageType=4,"$43,900(售價已折)",滿1件折1000
2023-12-14,【ThinkPad 聯想】15.6吋R5商用筆電(ThinkBook 15/R5-7530U/16G/1T/NOOS),https://www.momoshop.com.tw/goods/GoodsDetail.jsp?i_code=12008996&str_category_code=2142800089&sourcePageType=4,"$12,912(售價已折)",滿1件折2078
2023-12-14,【ThinkPad 聯想】14吋i5商用獨顯筆電(T14/i5-1240P/16G/512G/MX550/W11P),https://www.momoshop.com.tw/goods/GoodsDetail.jsp?i_code=11871749&str_category_code=2142800089&sourcePageType=4,"$33,900(售價已折)",滿1件折6000
2023-12-14,【ThinkPad 聯想】14吋i5商用輕薄筆電(T14/i5-1340P/16G/512G/W11P),https://www.momoshop.com.tw/goods/GoodsDetail.jsp?i_code=11495439&str_category_code=2142800089&sourcePageType=4,"$39,900(售價已折)",滿1件折3000
2023-12-14,【ThinkPad 聯想】14吋i7商用輕薄筆電(T14s/i7-1360P/16G/1TB SSD/W11P),https://www.momoshop.com.tw/goods/GoodsDetail.jsp?i_code=11495437&str_category_code=2142800089&sourcePageType=4,"$49,900(售價已折)",滿1件折3000
2023-12-14,【ThinkPad 聯想】14吋i7商用獨顯筆電(T14/i7-1260P/16G/1T/MX550/W11P),https://www.momoshop.com.tw/goods/GoodsDetail.jsp?i_code=11871748&str_category_code=2142800089&sourcePageType=4,"$39,900(售價已折)",滿1件折4000
2023-12-14,【ThinkPad 聯想】14吋i7商用輕薄筆電(T14/i7-1360P/16G/1TB SSD/W11P),https://www.momoshop.com.tw/goods/GoodsDetail.jsp?i_code=11495438&str_category_code=2142800089&sourcePageType=4,"$45,900(售價已折)",滿1件折4000
2023-12-14,【ThinkPad 聯想】15.6吋R7商用筆電(ThinkBook 15/R7-7730U/16G/1T/NOOS),https://www.momoshop.com.tw/goods/GoodsDetail.jsp?i_code=12008995&str_category_code=2142800089&sourcePageType=4,"$17,912(售價已折)",滿1件折78
2023-12-14,【ThinkPad 聯想】15.6吋i5商用筆電(L15/i5-1340P/8G/512G SSD/W11P),https://www.momoshop.com.tw/goods/GoodsDetail.jsp?i_code=11795038&str_category_code=2142800055&sourcePageType=4,"$30,688(售價已折)",滿1件折1212
2023-12-14,【ThinkPad 聯想】+8G記憶體組★15.6吋i5商用筆電(L15/i5-1340P/8G/512G SSD/W11P),https://www.momoshop.com.tw/goods/GoodsDetail.jsp?i_code=12193030&str_category_code=2142800055&sourcePageType=4,"$32,400(售價已折)",滿1件折500
2023-12-14,【ThinkPad 聯想】+8G記憶體組★14吋i5商用筆電(L14/i5-1340P/8G/512G/W11P),https://www.momoshop.com.tw/goods/GoodsDetail.jsp?i_code=12193029&str_category_code=2142800055&sourcePageType=4,"$32,400(售價已折)",滿1件折500
2023-12-14,【ThinkPad 聯想】14吋i5商用筆電(L14/i5-1340P/8G/512G/W11P),https://www.momoshop.com.tw/goods/GoodsDetail.jsp?i_code=11495447&str_category_code=2142800055&sourcePageType=4,"$29,990(售價已折)",滿1件折1910
2023-12-14,【ThinkPad 聯想】14吋i7商用筆電(E14/i7-1360P/16G/512G/W11H),https://www.momoshop.com.tw/goods/GoodsDetail.jsp?i_code=11495441&str_category_code=2142800056&sourcePageType=4,"$27,900(售價已折)",滿1件折3090
2023-12-14,【ThinkPad 聯想】15.6吋i5商務筆電(E15/i5-1240P/8G/512G/W11P),https://www.momoshop.com.tw/goods/GoodsDetail.jsp?i_code=11243880&str_category_code=2142800056&sourcePageType=4,"$19,990(售價已折)",滿1件折11000
2023-12-14,【ThinkPad】升級16G記憶體★14吋i5商用筆電(E14/i5-1340P/8G/512G/Non-OS),https://www.momoshop.com.tw/goods/GoodsDetail.jsp?i_code=11811601&str_category_code=2142800056&sourcePageType=4,"$19,412(售價已折)",滿1件折3078
2023-12-14,【ThinkPad 聯想】14吋i7商用筆電(E14/i7-1255U/16G/512G/W11H),https://www.momoshop.com.tw/goods/GoodsDetail.jsp?i_code=11865593&str_category_code=2142800056&sourcePageType=4,"$24,990",
2023-12-14,【ThinkPad 聯想】14吋i5商用獨顯筆電(E14/i5-1235U/16G/512G/MX550/W11H),https://www.momoshop.com.tw/goods/GoodsDetail.jsp?i_code=11865595&str_category_code=2142800056&sourcePageType=4,"$21,212(售價已折)",滿1件折778
2023-12-14,【ThinkPad 聯想】升級24G組★15.6吋i5商務筆電(E15/i5-1240P/8G/512G/WIN11P),https://www.momoshop.com.tw/goods/GoodsDetail.jsp?i_code=12109098&str_category_code=2142800056&sourcePageType=4,"$20,490(售價已折)",滿1件折11500
2023-12-14,【ThinkPad 聯想】14吋i5商用筆電(E14/i5-1340P/8G/512G/Non-OS),https://www.momoshop.com.tw/goods/GoodsDetail.jsp?i_code=11495443&str_category_code=2142800056&sourcePageType=4,"$18,912(售價已折)",滿1件折2578
2023-12-14,【ThinkPad 聯想】14吋i5商用筆電(E14/i5-1340P/8G/512G/W11H),https://www.momoshop.com.tw/goods/GoodsDetail.jsp?i_code=11495442&str_category_code=2142800056&sourcePageType=4,"$23,900(售價已折)",滿1件折2090
2023-12-14,【ThinkPad 聯想】福利品 14吋i5商務筆電(E14/i5-1240P/8G/512G SSD/W11 DG W10P),https://www.momoshop.com.tw/goods/GoodsDetail.jsp?i_code=11775158&str_category_code=2142800056&sourcePageType=4,"$21,900",超值福利品!!
2023-12-14,【ThinkPad 聯想】+8G記憶體組★14吋i5商用筆電(E14/i5-1340P/8G/512G/W11H),https://www.momoshop.com.tw/goods/GoodsDetail.jsp?i_code=12193026&str_category_code=2142800056&sourcePageType=4,"$26,490(售價已折)",滿1件折500
2023-12-14,【ThinkPad 聯想】福利品 15.6吋i7商務筆電(E15/i7-1260P/8G/512G SSD/W11 DG W10P),https://www.momoshop.com.tw/goods/GoodsDetail.jsp?i_code=11775160&str_category_code=2142800056&sourcePageType=4,"$23,900(售價已折)",滿1件折1000
2023-12-14,【ThinkPad 聯想】+8G記憶體組★15.6吋i5商務筆電(E15/i5-1240P/8G/512G/W11P),https://www.momoshop.com.tw/goods/GoodsDetail.jsp?i_code=12193027&str_category_code=2142800056&sourcePageType=4,"$31,490(售價已折)",滿1件折500
