ProdNames,Prices,sales
【DELL 戴爾】15吋i7獨顯MX輕薄筆電(Inspiron/15-3530-R2728STW/i7-1355U/16G/512G/MX550/Win11/銀河星跡),"$29,999",總銷量>50
【DELL 戴爾】SE2422H-4Y 24型 VA 薄邊框電腦螢幕-四年保固(FreeSync/75Hz/TUV護眼),"$3,400",總銷量>100
【DELL 戴爾】i5十核桌上型電腦(Inspiron 3020T/i5-13400/8G/256G+1TB/W11),"$23,990",總銷量>100
【DELL 戴爾】U2422H-4Y 24型 IPS 窄邊美型螢幕(Type-C/樞紐旋轉),"$6,988",總銷量>100
【DELL 戴爾】P2422H-4Y 24型 IPS 窄邊框美型螢幕-四年保固(樞紐旋轉),"$5,988",總銷量>100
【DELL 戴爾】13代i7十六核心桌上型電腦(3020S-R3708BTW/i7-13700/16G/1TB/W11),"$25,999",
【DELL 戴爾】14吋i5 2-in-1輕薄筆電(Inspiron 14/14-7430-R1508STTW/i5-1335U/16G/512G/Win11/銀河星跡),"$32,999",
【DELL 戴爾】i3四核商用電腦(Vostro Small 3020/i3-13100/8G/256G+1TB/W11P),"$16,999",
【DELL 戴爾】14吋i7輕薄筆電(Inspiron/14-5430-R1708STW-4Y/i7-1360P/16G/512G/W11/銀河星跡),"$36,999",
【DELL 戴爾】SE2722H-4Y 27型 VA 薄邊框電腦螢幕-四年保固(FreeSync/75Hz/TUV護眼),"$3,988",總銷量>100
【DELL 戴爾】SE2222H-4Y 22型 VA 薄邊框電腦螢幕-四年保固(60Hz/TUV護眼),"$3,088",總銷量>100
【DELL 戴爾】16吋i7輕薄筆電(Inspiron/16-5630-R3808STW/i7-1360P/16G/1TB/Win11/銀河星跡),"$37,990",
【DELL 戴爾】13吋i7 EVO輕薄筆電(Inspiron/13-5330-R2808PTW/i7-1360P/16G/1TB/Win11/淡粉),"$37,990",
【DELL 戴爾】16吋i5輕薄商務筆電 (Vostro 5000/V16-5630-R1608ATW/i5-1340P/16G/512G/Win11P/深空灰),"$33,990",
【DELL 戴爾】13吋i7 EVO輕薄筆電(Inspiron/13-5330-R2808STW/i7-1360P/16G/1TB/Win11/銀河星跡),"$37,990",
【DELL 戴爾】Inspiron 5000 14吋輕薄筆電-銀河星跡 14-5430-R1708STW(i7-1360P/16G/512G/Win11),"$33,990",
【DELL 戴爾】office 2021組★15吋i7獨顯MX輕薄筆電(Inspiron/15-3530-R2728STW/i7-1355U/16G/512G/MX550/W,"$36,990",總銷量>3萬
【DELL 戴爾】14吋i7輕薄筆電(Inspiron/14-5430-R3808STW/i7-1360P/16G/1TB/Win11/銀河星跡),"$37,990",
【DELL 戴爾】15.6吋i9輕薄筆電(XPS/XPS15-9530-R2988STTW/i9-13900H/32G/1TB/RTX4070/W11P/冰河銀),"$106,999",
【DELL 戴爾】DA305 USB Type-C 六合一 6合1 HUB 轉接器 轉接頭 da305 HDMI RJ-45 DP(高達90瓦的電力傳遞),"$2,950",
【DELL 戴爾】14吋i5輕薄筆電(Inspiron/14-5430-R1508STW-4Y/i5-1340P/16G/512G/W11/銀河星跡),"$32,999",
【DELL 戴爾】14吋i5輕薄筆電(Vostro/V14-3430-R1508ATW/i5-1335U/8G/512G/Win11P/泰坦灰),"$27,990",
【DELL 戴爾】D3100 媒體插槽座 USB3.0/USB2.0/HDMI,"$4,548",
【DELL 戴爾】14吋R5輕薄筆電 (Inspiron 5000/14-5435-R1608STW/R5-7535U/16G/512G/Win11/銀河星跡),"$27,990",
【DELL 戴爾】Inspiron 5000 14吋輕薄筆電-銀河星跡 14-5430-R1508STW(i5-1340P/16G/512G/Win11),"$29,990",
【DELL 戴爾】13吋i7輕薄筆電(XPS/XPS13-9320-R3708STTW/i7-1360P/16G/512G/win11P/暮雲白),"$72,990",
【DELL 戴爾】13吋i7 EVO輕薄筆電(Inspiron/13-5330-R2808PTW-4Y/i7-1360P/16G/1TB/W11/淡粉),"$39,999",
【DELL 戴爾】13吋i7 EVO輕薄筆電(Inspiron/13-5330-R2808STW-4Y/i7-1360P/16G/1TB/Win11/銀河星跡),"$39,999",
【DELL 戴爾】14吋i5獨顯RTX輕薄筆電(Inspiron/14-7430-R2668STW/i5-13500H/16G/1TB/RTX3050/WIN11/銀),"$40,999",
【DELL 戴爾】15吋i5輕薄筆電(Inspiron 3000/15-3530-R1508STW/i5-1335U/8G/512G/Win11/銀河星跡),"$24,990",
【DELL 戴爾】Inspiron 5000 16吋輕薄筆電-銀河星跡 16-5630-R1708STW(i7-1360P/16G/512G/Win11),"$33,990",
【DELL 戴爾】14吋i5輕薄筆電(Inspiron/14-5430-R3608STW/i5-1340P/16G/1TB/Win11/銀河星跡),"$34,990",
【DELL 戴爾】14吋i7輕薄筆電(Inspiron/14-7430-R1808STW/i7-13700H/16G/512G/WIN11/銀河星跡),"$39,990",
【DELL 戴爾】16吋i9獨顯RTX電競筆電(Alienware/ALWM16-R1908QBTW/i9-13900HX/32G/1TB/RTX4080/WIN11/深灰),"$129,999",
【DELL 戴爾】D6000(USB3.0 Type-C 11合一 多功能轉接器 HUB 通用擴充基座),"$7,413",總銷量>50
【DELL 戴爾】Inspiron Small Desktop i3 4核心桌上型電腦 3020S-R1308BTW(i3-13100/8G/512G/W11),"$19,990",
【DELL 戴爾】14吋i7行動工作站筆電(Precision/3480-I716G512G-NON/I7-1370P/16G/512G/win11P),"$49,990",
【DELL 戴爾】14吋i5獨顯MX輕薄商務筆電(Vostro/V14-3430-R1528ATW/i5-1335U/8G/512G/MX550/Win11P/泰坦灰),"$29,990",
【DELL 戴爾】14吋i5獨顯RTX輕薄筆電(Inspiron/14-5430-R2648STW/i5-1340P/16G/512G/RTX2050/W11/銀河星跡),"$33,999",
【DELL 戴爾】P1917S-4Y 19型 IPS 專業多工螢幕(樞紐旋轉/60Hz/Type-C/TUV護眼),"$5,288",
【DELL 戴爾】15吋i5輕薄筆電(Inspiron 3000/15-3530-R1508STW/i5-1335U/8G/512G/Win11/銀河星跡),"$24,990",
【DELL 戴爾】Office 2021組★i3四核商用電腦(Vostro Small 3020/i3-13100/8G/256G+1TB/W11P),"$19,999",總銷量>3萬
【DELL 戴爾】17吋i7輕薄筆電(XPS/XPS17-9730-R2788STTW/i7-13700H/32G/1TB/RTX4070/Win11P/冰河銀),"$115,999",
【DELL 戴爾】14吋i7獨顯RTX輕薄筆電(Inspiron/14-5430-R2848STW/i7-1360P/16G/512G/RTX2050/W11/銀河星跡),"$39,999",
【DELL 戴爾】15.6吋i7行動工作站筆電(Precision/3581-I78G512G-A500/I7-13800H/8G/512G/A500/win11P),"$63,999",
【DELL 戴爾】戴爾Dell U2723QE 27型(4K液晶螢幕/顯示器 TypeC),"$23,880",
【DELL 戴爾】16吋i7電競筆電 (Alienware/ALWM16-R1788QBTW/i7-13700HX/16G/512G/RTX4060/WIN11/月球暗面),"$75,999",
【DELL 戴爾】DA310 USB Type-C 七合一 7合1 HUB 轉接器 轉接頭 DA 310 da310 HDMI RJ-45 VGA DP(4K高清),"$3,919",總銷量>100
【DELL 戴爾】i5 RTX3060十核商用電腦(Vostro Tower?3020/i5-13400F/16G/256G+1TB/RTX3060-12G/W11P),"$35,999",
【DELL 戴爾】13吋i5 EVO輕薄筆電(Inspiron/13-5330-R2608PTW/i5-1340P/16G/1TB/Win11/淡粉),"$34,990",
【DELL 戴爾】i5 RTX3050特仕電腦(Inspiron 3020T/i5-13400/8G/256G SSD+1TB/RTX3050 8G/W11),"$24,990",
【DELL 戴爾】S2721DS-4Y 27型 IPS 2K 電腦螢幕(FreeSync/樞紐旋轉/TUV護眼),"$8,888",
【DELL 戴爾】14吋i7獨顯RTX電競筆電(Alienware/ALWX14-R1888QBTW/i7-13620H/32G/1TB/RTX4060/WIN11/銀),"$89,990",
【DELL 戴爾】16吋i7獨顯RTX輕薄筆電(Inspiron/16-5630-R2848STW/i7-1360P/16G/1TB/RTX2050/Win11/銀),"$43,990",
【DELL 戴爾】16吋i5輕薄筆電(Inspiron 5000/16-5630-R2648STW/i5-1340P/16G/512G/RTX2050/Win11/銀河星跡),"$33,999",
【DELL 戴爾】16吋i7輕薄筆電(Inspiron/16-7630-R1808STW/i7-13700H/16G/512G/WIN11/銀河星跡),"$39,990",
【DELL 戴爾】15吋i5獨顯MX輕薄筆電(Inspiron/15-3530-R2528STW/i5-1335U/16G/512G/MX550/Win11/銀河星跡),"$29,990",
【DELL 戴爾】16吋i7獨顯RTX輕薄筆電(Inspiron/16-7630-R2768STW/i7-13700H/16G/1TB/RTX3050/WIN11/銀),"$46,990",
【DELL 戴爾】office 2021組★14吋i5 2-in-1輕薄筆電 (Inspiron 14/14-7430-R1508STTW/i5-1335U/16G/512G/W,"$36,999",總銷量>3萬
【DELL 戴爾】16吋i7獨顯輕薄筆電(Inspiron/16-7630-R2888STWi7-13700H/32G/1TB/RTX4060/WIN11/銀河星跡),"$61,999",
【DELL 戴爾】P2723QE-4Y 27型 IPS 4K 窄邊美型螢幕(Type-C),"$16,888",
【DELL 戴爾】16吋i7輕薄商務筆電 (Vostro 5000/V16-5630-R2808ATW/i7-1360P/16G/512G/Win11P/深空灰),"$40,990",
【DELL 戴爾】16吋i5輕薄筆電(Inspiron/16-7630-R1608STW/i5-13500H/16G/512G/WIN11/銀河星跡),"$35,990",
【DELL 戴爾】M365組★15吋i5輕薄筆電(Inspiron 3000/15-3530-R1508STW/i5-1335U/8G/512G/Win11/銀河星跡),"$26,990",總銷量>1萬
【DELL 戴爾】繪圖板組★14吋i5輕薄筆電(Vostro/V14-3430-R1508ATW/i5-1335U/8G/512G/Win11P/泰坦灰),"$29,490",總銷量>100
【DELL 戴爾】WD22TB4(擴充基座 Thunderbolt 4 Hub 多功能媒體轉接器 Type-C Dock),"$11,131",
【DELL 戴爾】16吋i7獨顯RTX輕薄筆電(Inspiron/16-7630-R3868STW/i7-13700H/16G/1TB/RTX4050/WIN11/銀),"$49,999",
【DELL 戴爾】office 2021組★13吋i7輕薄筆電(Inspiron/13-5330-R2808PTW-4Y/i7-1360P/16G/1TB/W11/淡粉),"$43,999",總銷量>3萬
【DELL 戴爾】UD22(USB-C 通用擴充基座),"$10,478",
【DELL 戴爾】15吋i7獨顯電競筆電 (G15-5530-R1788BTW/i7-13650HX/16G/512G/RTX4060/WIN11/耀夜黑),"$50,990",
【DELL 戴爾】office 2021組★15吋i5輕薄筆電(Inspiron 3000/15-3530-R1508STW/i5-1335U/8G/512G/Win11/銀,"$28,990",總銷量>3萬
【DELL 戴爾】繪圖板組★15吋i5輕薄筆電(Inspiron 3000/15-3530-R1508STW/i5-1335U/8G/512G/Win11/銀河星跡,"$26,490",總銷量>100
【DELL 戴爾】14吋i7獨顯RTX電競筆電(Alienware/ALWX14-R1768QBTW/i7-13620H/16G/512G/RTX4050/WIN11/銀),"$69,990",
【DELL 戴爾】14吋i7二合一輕薄筆電(Inspiron 7430/14-7430-R1708STTW/i7-1355U/16G/512G/WIN11/白金銀),"$38,990",
【DELL 戴爾】M365超值組★14吋i5 2-in-1輕薄筆電 (Inspiron 14/14-7430-R1508STTW/i5-1335U/16G/512G/Win1,"$34,999",總銷量>1萬
【DELL 戴爾】office 2021組★14吋i5輕薄筆電(Vostro/V14-3430-R1508ATW/i5-1335U/8G/512G/Win11P/泰坦灰),"$31,990",總銷量>3萬
【DELL 戴爾】office 2021組★14吋i7輕薄筆電(Inspiron/14-5430-R1708STW-4Y/i7-1360P/16G/512G/W11/銀河星,"$40,999",總銷量>3萬
【DELL 戴爾】M365超值組★14吋i7輕薄筆電(Inspiron/14-5430-R1708STW-4Y/i7-1360P/16G/512G/W11/銀河星跡),"$38,999",總銷量>1萬
【DELL 戴爾】130W TYPE-C 充電器(XPS 15 9575 9580 DA130PM170 Precision 5530 2IN1 3540),"$2,736",
【DELL 戴爾】office 2021組★13吋i7輕薄筆電(Inspiron/13-5330-R2808STW-4Y/i7-1360P/16G/1TB/Win11/銀河,"$43,999",總銷量>3萬
【DELL 戴爾】M365超值組★15吋i7獨顯MX輕薄筆電(Inspiron/15-3530-R2728STW/i7-1355U/16G/512G/MX550/Win1,"$34,990",總銷量>1萬
【DELL 戴爾】i3四核桌上電腦(Inspiron 3020T/i3-13100/8G/512G/W11),"$15,999",
【DELL 戴爾】16吋i9電競筆電(Inspiron G16/G16-7630-R1988BTW/i9-13900HX/16G/1TB/RTX4060/WIN11/暗耀黑),"$62,999",
【DELL 戴爾】16吋i7獨顯電競筆電 (G16-7630-R1888BTW/i7-13700HX/16G/1TB/RTX4060/WIN11/暗耀黑),"$58,999",
【DELL 戴爾】G3223Q-4Y 32型 IPS 4K 144Hz 電競螢幕(FreeSync/HDR600/HDMI2.1/TUV護眼),"$19,988",
【DELL 戴爾】14吋i5輕薄筆電(Inspiron/14-7430-R1608STW/i5-13500H/16G/512G/WIN11/銀河星跡),"$35,990",
【DELL 戴爾】14吋i5獨顯MX輕薄筆電(Inspiron/14-5430-R1528STW/i5-1340P/16G/512G/MX550/Win11/銀河星跡),"$33,990",
【DELL 戴爾】15吋i7獨顯電競筆電(G15-5530-R1888BTW/i7-13700HX/16G/1TB/RTX4060/WIN11/耀夜黑),"$57,990",
【DELL 戴爾】P2722H-4Y 27型 IPS 窄邊美型螢幕-四年保固(樞紐旋轉),"$7,988",總銷量>100
【DELL 戴爾】M365組★14吋i5輕薄筆電(Vostro/V14-3430-R1508ATW/i5-1335U/8G/512G/Win11P/泰坦灰),"$29,990",總銷量>1萬
【DELL 戴爾】16吋i7獨顯RTX輕薄筆電(Inspiron/16-7630-R3788STW-4Y/i7-13700H/16G/1TB/RTX4060/W11/銀),"$59,999",
【DELL 戴爾】office 2021組★16吋i7獨顯RTX輕薄筆電(Inspiron/16-7630-R3788STW-4Y/i7-13700H/16G/1TB/RTX,"$63,999",總銷量>3萬
【DELL 戴爾】M365超值組★14吋i5輕薄筆電(Inspiron/14-5430-R1508STW-4Y/i5-1340P/16G/512G/W11/銀河星跡),"$34,999",總銷量>1萬
【DELL 戴爾】M365超值組★16吋i7獨顯RTX輕薄筆電(Inspiron/16-7630-R3788STW-4Y/i7-13700H/16G/1TB/RTX406,"$61,999",總銷量>1萬
【DELL 戴爾】P2423D-4Y 24型 IPS 2K 窄邊美型螢幕(TUV護眼),"$9,688",
【DELL 戴爾】P3223QE-4Y 32型 IPS 4K 多工美型螢幕(Type-C/TUV護眼),"$19,888",
【DELL 戴爾】Office 2021組★i5十核桌上型電腦(Inspiron 3020T/i5-13400/8G/256G+1TB/W11),"$27,990",總銷量>3萬
【DELL 戴爾】i5十核商用電腦(Vostro Small 3020/i5-13400/8G/256G+1TB/W11P),"$23,990",總銷量>50
【DELL 戴爾】15吋i9獨顯電競筆電(G15-5530-R1988BTW/i9-13900HX/16G/1TB/RTX4060/WIN11/耀夜黑),"$57,999",
【DELL 戴爾】office 2021組★14吋i5輕薄筆電(Inspiron/14-5430-R1508STW-4Y/i5-1340P/16G/512G/W11/銀河星,"$36,999",總銷量>3萬
【DELL 戴爾】U2421E-4Y 24型 IPS 窄邊超薄邊框電腦螢幕(16:10/60Hz/HDMI/Type-C/樞紐旋轉),"$14,888",
【DELL 戴爾】M365超值組★13吋i7輕薄筆電(Inspiron/13-5330-R2808PTW-4Y/i7-1360P/16G/1TB/W11/淡粉),"$41,999",總銷量>1萬
【DELL 戴爾】U3223QE-3Y 32型 IPS 4K 窄邊美型螢幕(Type-C/HDR400),"$34,847",
【DELL 戴爾】P2723D-4Y 27型 IPS 2K電腦螢幕(TUV護眼),"$10,888",
【DELL 戴爾】P2723DE-4Y 27型 IPS 2K 窄邊美型螢幕(Type-C),"$12,888",
【DELL 戴爾】P2722HE-4Y 27型 IPS 窄邊美型螢幕(Type-C/樞紐旋轉/TUV護眼),"$9,988",
【DELL 戴爾】16吋i9獨顯電競筆電 (G16-7630-R1988WTW/i9-13900HX/16G/1TB/RTX4060/WIN11/皓影白),"$65,990",
【DELL 戴爾】i5 GTX1650特仕電腦(Inspiron 3020T/i5-13400/8G/256G SSD+1TB/GTX1650/W11),"$25,990",總銷量>50
【DELL 戴爾】i9 RTXA4000工作站(Precision 3660/i9-13900/128G DDR5/2TB SSD+4TB HDD/RTXA4000/W11P),"$169,000",
【DELL 戴爾】i7工作站(Precision 3660/i7-13700/16G/2T HDD+512G SSD/W11P),"$54,900",
【DELL 戴爾】U3223QE-3Y 32型 IPS 4K 窄邊美型螢幕(Type-C/HDR400),"$27,888",
【DELL 戴爾】i5特仕商用電腦(V3910-R1548BTW/i5-12400/16G/512G SSD+2TB HDD/W11P),"$29,900",
【DELL 戴爾】U2722DE-4Y 27型 IPS 2K 廣色域美型螢幕(Type-C(90W供電)/樞紐旋轉),"$14,888",
【DELL 戴爾】14吋i7獨顯MX輕薄商務筆電(Vostro/V14-3430-R2728ATW/i7-1355U/16G/512G/MX550/Win11P/泰坦灰,"$34,990",
【DELL 戴爾】U2722D-4Y 27 型 IPS 2K 窄邊美型螢幕(Type-C/樞紐旋轉/TUV護眼),"$13,888",
【DELL 戴爾】13代i7薄型商用電腦(3020S/i7-13700/32G/512G SSD+2TB HDD/180W/W11P),"$37,900",
【DELL 戴爾】i7工作站(Precision 3660/i7-12700/16G DDR5/2T SSD+2TBX2 HDD/W11P),"$59,900",
【DELL 戴爾】微軟M365組★i5十核桌上型電腦(Inspiron 3020T/i5-13400/8G/256G+1TB/W11),"$25,990",總銷量>1萬
【DELL 戴爾】15吋 Essential 筆電包(華碩 惠普 聯想 ASUS HP LENOVO 宏碁 索尼 微星 ACER SONY MSI),$704,
【DELL 戴爾】i3四核商用電腦(Vostro Tower?3020/i3-13100/8G/256G+1TB/W11P),"$21,990",
【DELL 戴爾】i5 GTX1650特仕商用電腦(V3910-R1548BTW/i5-12400F/16G/512G SSD+2TB HDD/GTX1650/W11P),"$34,900",
【DELL 戴爾】i5 GTX1660特仕商用電腦(V3910-R1548BTW/i5-12400F/16G/512G SSD+2TB HDD/GTX1660/W11P),"$37,900",
【DELL 戴爾】i7 RTX3070工作站(Precision 3660/i7-12700/32G DDR5/2TB SSD+2TB HDD/RTX3070_8G/W11P),"$84,900",
【DELL 戴爾】i7繪圖工作站(Precision 3660/i7-12700/T1000_8G/16G DDR5/1TB SSD+1TB HDD/W11P),"$69,900",
【DELL 戴爾】S2721H-4Y 27型 IPS 窄邊框 電腦螢幕-安心四年保(喇叭/FreeSync/75Hz),"$6,688",
【DELL 戴爾】i7 RTX3060Ti工作站(Precision 3660/i7-13700/32G DDR5/2T SSD+2TB HDD/RTX3060Ti_8G/W11P),"$84,900",
【DELL 戴爾】16吋i7獨顯RTX輕薄筆電(Inspiron/16-7630-R3788STW/i7-13700H/16G/1TB/RTX4060/WIN11/銀),"$57,990",
【DELL 戴爾】Office 2021組★i3四核桌上電腦(Inspiron 3020T/i3-13100/8G/512G/W11),"$18,999",總銷量>3萬
【DELL 戴爾】i9 RTX3070二十四核商用電腦(XPS8960-R1988WTW/i9-13900K/32G/1TB/RTX3070/W11P),"$76,990",
【DELL 戴爾】i9 RTX3080繪圖工作站(Precision 3660/i9-12900/128G DDR5/2TB SSD+4TB HDD/RTX3080_10G/W11P,"$149,900",
【DELL 戴爾】i7獨顯T400工作站(Precision 3660/i7-13700/T400-4G/16G/2T HDD+2TB SSD/W11P),"$64,900",
【DELL 戴爾】M365超值組★15吋i5輕薄筆電(Inspiron 3000/15-3520-R1508STW/i5-1235U/8G/512G/Win11/銀河星,"$20,999",總銷量>1萬
【DELL 戴爾】i7特仕桌上型(3020T/i7-13700/32G/512G SSD+2TB HDD/W11P),"$39,900",
【DELL 戴爾】i7 RTX3070十六核商用電腦(XPS8960-R1788WTW/i7-13700/16G/512G/RTX3070/W11P),"$59,999",
【DELL 戴爾】i7立式工作站(Precision/T3660-I78G512G-NON/i7-13700/8G/512G/DRW/W11P),"$43,999",
【DELL 戴爾】i7商用電腦(Vostro Tower 3020/i7-13700/16G/512SSD+1TB HDD/W11P),"$39,900",
【DELL 戴爾】i5 GTX1660商用電腦(Vostro Tower 3020/i5-13400F/32G/2TB SSD+2TB HDDD/GTX1660 6G/W11P),"$49,900",
【DELL 戴爾】i7 GTX1660商用電腦(V3020T/i7-13700F/16G/512G SSD+2TB HDD/GTX1660/W11P),"$57,900",
【DELL 戴爾】i7十六核桌上型電腦(Inspiron 3020T/i7-13700/16G/512G/W11),"$31,990",
【DELL 戴爾】office 2021組★15吋i5輕薄筆電(Inspiron 3000/15-3520-R1508STW/i5-1235U/8G/512G/Win11/銀,"$22,999",總銷量>3萬
【DELL 戴爾】P2423DE-4Y 24型 IPS 2K 窄邊美型螢幕(Type-C/TUV護眼),"$10,888",
【DELL 戴爾】U2723QE-4Y 27型 IPS 4K 窄邊美型螢幕(Type-C(90W供電)/樞紐旋轉/HDR400),"$23,888",
【DELL 戴爾】M365超值組★13吋i7輕薄筆電(Inspiron/13-5330-R2808STW-4Y/i7-1360P/16G/1TB/Win11/銀河星跡,"$41,999",總銷量>1萬
【DELL 戴爾】65W 4.5*3.0mm 充電器(P74G P75G P76G P83G Vostro 15-3558 3458 3459 3559 5459),$836,
【DELL 戴爾】i7 RTX4080十六核商用電腦(XPS8960-R2768WTW/i7-13700K/32G/512G+2TB/RTX4080/W11P),"$91,990",
【DELL 戴爾】i7 RTX3080工作站(Precision 3660/i7-12700/64G DDR5/2TB SSD+2TB HDD/RTX3080_10G/W11P),"$119,900",
【DELL 戴爾】i5 RTX3060特仕商用電腦(V3020T/i5-13400F/32G/512G SSD+2TB HDD/RTX3060/W11P),"$51,900",
【DELL 戴爾】Office 2021組★i5 GTX1650特仕電腦(Inspiron 3020T/i5-13400/8G/256G SSD+1TB/GTX1650/W11),"$28,990",總銷量>3萬
【DELL 戴爾】130W TYPE-C 充電器(XPS 15 9575 9580 14 5480 14 7480 12 5280 7275 7280),"$2,553",
【DELL 戴爾】20W快充行動電源組★15吋i5輕薄筆電(Inspiron 3000/15-3520-R1508STW/i5-1235U/8G/512G/Win11,"$20,499","總銷量>3,000"
【DELL 戴爾】福利品 Dell R720 機架式伺服器 E5-2670*2 /16G/750W(套餐八),"$19,900",
【DELL 戴爾】福利品 Dell R730XD 機架式伺服器 E5-2630V4*2/H330/32G/2T/750W(套餐三),"$33,900",
【DELL 戴爾】U2722D-3Y 27 型 IPS 2K 窄邊美型螢幕(Type-C/樞紐旋轉/TUV護眼),"$11,888",總銷量>50
【DELL 戴爾】i5 GTX1660商用電腦(V3020T/i5-13400F/16G/512G SSD+2TB/GTX1660 6G/W11P),"$44,900",
【DELL 戴爾】20W快充行動電源組★15吋i7獨顯MX輕薄筆電(Inspiron/15-3530-R2728STW/i7-1355U/16G/512G/MX5,"$34,490","總銷量>3,000"
【DELL 戴爾】i5 GTX1660商用電腦(V3020T/i5-13400F/32G/512G SSD+2TB HDD/GTX1660/W11P),"$47,900",
【DELL 戴爾】福利品 Dell R4301U 機架式伺服器 E5 2630V4*2/H330/16G/300G SAS*4/450W(套餐二),"$29,900",
【DELL 戴爾】i7 GTX1660商用電腦(Vostro Tower 3020/i7-13700F/32G/1TSSD+1TB HDD/GTX1660 6G/W11P),"$52,900",
【DELL 戴爾】65W TYPE-C 充電器(Latitude 3300 5300 5300 2-In-1 5400 5500 7200 2-In-1 7300 7400),"$1,596",
【DELL 戴爾】Office 2021組★i7十六核桌上型電腦(Inspiron 3020T/i7-13700/16G/512G/W11),"$35,990",總銷量>3萬
【DELL 戴爾】i7十六核商用電腦(Vostro Small 3020/i7-13700/16G/256G+1TB/W11P),"$24,999",
【DELL 戴爾】P2423-4Y 24型 IPS 電腦螢幕(16:10/樞紐旋轉),"$6,880",總銷量>100
【DELL 戴爾】P2424HT-4Y 24型 IPS 60Hz 觸控螢幕(Type-C),"$12,888",
【DELL 戴爾】P3424WE-4Y 34型 IPS 60Hz 多工曲面螢幕(21:9/3800R/60Hz/Type-C),"$29,888",
【DELL 戴爾】20W快充行動電源組★14吋i5輕薄筆電(Inspiron/14-5430-R1508STW-4Y/i5-1340P/16G/512G/W11/銀,"$34,499","總銷量>3,000"
【DELL 戴爾】20W快充行動電源組★14吋i7輕薄筆電(Inspiron/14-5430-R1708STW-4Y/i7-1360P/16G/512G/W11/銀,"$38,499","總銷量>3,000"
【DELL 戴爾】P2422HE-4Y 24型 IPS 窄邊美型螢幕-四年保固(Type-C/樞紐旋轉),"$7,988",
【DELL 戴爾】office 2021組★15吋R5輕薄筆電(Inspiron 3000/15-3525-R1508STW/R5-5625U/8G/256G/Win11/銀,"$19,999",總銷量>3萬
【DELL 戴爾】W-2223 RTXA4000高階繪圖工作站(5820/W-2223/64G/2TB SSD+2TBX2 HDD/RTX A4000_16G/W11P),"$149,900",
【DELL 戴爾】i5 GTX1660商用電腦(Vostro Tower 3020/i5-13400F/16G/512G SSD/GTX1660 6G/W11P),"$39,900",
【DELL 戴爾】W-2223 RTX 4060Ti高階繪圖工作站(5820/W-2223/32G/2TB SSD+2TB HDD/RTX 4060Ti_8G/W11P),"$99,900",
【DELL 戴爾】W-2223 RTXA2000繪圖工作站(P5820/W-2223/32G ECC/2TB SSD+4TB/RTX A2000_12G/W11P),"$119,900",
【DELL 戴爾】福利品 Dell R730 機架式伺服器 E5-2670*2/H730/64G/2T*4/750W(套餐五),"$59,900",
【DELL 戴爾】福利品 Dell R730XD 機架式伺服器 E5-2680*2/H730/64G/2T/750W(套餐六),"$54,900",
【DELL 戴爾】i7 GTX1660商用電腦(Vostro Tower 3020/i7-13700F/32G/2TSSD+2TB HDD/GTX1660 6G/W11P),"$55,900",
【DELL 戴爾】M365超值組★15吋R5輕薄筆電(Inspiron 3000/15-3525-R1508STW/R5-5625U/8G/256G/Win11/銀河星,"$17,999",總銷量>1萬
【DELL 戴爾】20W快充行動電源★ 14吋i5 2-in-1輕薄筆電 (Inspiron 14/14-7430-R1508STTW/i5-1335U/16G/512,"$34,499","總銷量>3,000"
【DELL 戴爾】福利品 Dell R730XD 機架式伺服器 E5-2670*2 /H330/16G/750W(套餐一),"$24,900",
【DELL 戴爾】福利品 Dell R730 機架式伺服器 E5-2670*2 /H330/16G/750W(套餐一),"$29,900",
【DELL 戴爾】福利品 Dell R720 機架式伺服器 E5-2640*2 /16G/2T SAS*2/750W(套餐二),"$24,900",
【DELL 戴爾】福利品 Dell R730XD 機架式伺服器 E5-2670*2/H730/64G/2T*4/750W(套餐五),"$54,900",
【DELL 戴爾】W-2223 RTX3080TI AI智慧(P5820/W-2223/32G ECC/2TB SSD+4TB/RTX3080TI_10G/W11P),"$139,900",
【DELL 戴爾】福利品 Dell R720 機架式伺服器 E5-2640*2 /8G/2T SAS/750W(套餐一),"$19,900",
【DELL 戴爾】福利品 Dell R730 機架式伺服器 E5-2680*2/H730/64G/2T/750W(套餐六),"$59,900",
【DELL 戴爾】20W快充行動電源組★13吋i7輕薄筆電(Inspiron/13-5330-R2808PTW-4Y/i7-1360P/16G/1TB/W11/淡,"$41,499","總銷量>3,000"
【DELL 戴爾】14吋i7獨顯RTX輕薄筆電(Inspiron/14-7430-R2868STW/i7-13700H/16G/1TB/RTX4050/WIN11/銀),"$51,990",
【DELL 戴爾】20W快充行動電源組★15吋R5輕薄筆電(Inspiron 3000/15-3525-R1508STW/R5-5625U/8G/256G/Win11,"$17,499","總銷量>3,000"
【DELL 戴爾】20W快充行動電源組★15吋i5輕薄筆電(Inspiron 3000/15-3530-R1508STW/i5-1335U/8G/512G/Win11,"$26,490","總銷量>3,000"
【DELL 戴爾】Office 2021組★i7十六核商用電腦(Vostro Small 3020/i7-13700/16G/256G+1TB/W11P),"$27,999",總銷量>3萬
【DELL 戴爾】i5十核商用電腦(Vostro Tower? 3020/i5-13400/8G/256G+1TB/W11P),"$19,999",
【DELL 戴爾】20W快充行動電源組★13吋i7輕薄筆電(Inspiron/13-5330-R2808STW-4Y/i7-1360P/16G/1TB/Win11/,"$41,499","總銷量>3,000"
【DELL 戴爾】Office 2021組★i5 RTX3050特仕電腦(Inspiron 3020T/i5-13400/8G/256G SSD+1TB/RTX3050 8G/W1,"$29,990",總銷量>3萬
【DELL 戴爾】Xbox無線控制器組★i5 RTX3050特仕電腦(Inspiron 3020T/i5-13400/8G/256G SSD+1TB/RTX3050 8G,"$27,990","總銷量>3,000"
【DELL 戴爾】G3223D-4Y 32型 IPS 2K 165Hz電競螢幕(FreeSync/HDR400/Type-C/TUV護眼),"$9,988",
【DELL 戴爾】20W快充行動電源組★14吋i5輕薄筆電(Vostro/V14-3430-R1508ATW/i5-1335U/8G/512G/Win11P/泰坦,"$29,490","總銷量>3,000"
【DELL 戴爾】微軟M365組★i5十核商用電腦(Vostro Small 3020/i5-13400/8G/256G+1TB/W11P),"$25,990",總銷量>1萬
【DELL 戴爾】i7 RTXA2000工作站(Precision 3660/i7-13700/16G/2T HDD+2T SSD/RTX A2000_12G/W11P),"$84,900",
【DELL 戴爾】Xbox無線控制器組★i5 GTX1650特仕電腦(Inspiron 3020T/i5-13400/8G/256G SSD+1TB/GTX1650/W1,"$26,190","總銷量>3,000"
【DELL 戴爾】福利品 Dell R720 機架式伺服器 E5-2670*2 /128G/3T SAS*4/750W*2(套餐五),"$69,900",
【DELL 戴爾】福利品 Dell R720xd 機架式伺服器 E5-2640*2 /8G/300G SAS/750W(套餐一),"$17,900",
【DELL 戴爾】13代i5薄型商用電腦(3020S/i5-13400/16G/512G SSD+1TB HDD/180W/W11P),"$29,900",
【DELL 戴爾】P3223QE-3Y 32型 IPS 4K 多工美型螢幕(Type-C/TUV護眼),"$19,888",
【DELL 戴爾】『福利品』i5桌上型電腦(Vostro V3020S/i5-13400/8G/256SSD+1TB HDD/W11P),"$15,890",
【DELL 戴爾】W-2223 RTX3070TI工作站(P5820/W-2223/32G ECC/2TB SSD+2TB HDD/RTX3070TI_8G/W11P),"$99,900",
【DELL 戴爾】福利品 Dell R730 機架式伺服器 E5-2686*2/H730P/256G/6T*4/750W*2(套餐九),"$129,900",
【DELL 戴爾】i9 RTX4080二十四核商用電腦(XPS8960-R2968WTW/i9-13900K/32G/1TB+2TB/RTX4080/W11P),"$101,990",
【DELL 戴爾】Office 2021組★i3四核商用電腦(Vostro Tower?3020/i3-13100/8G/256G+1TB/W11P),"$25,990",總銷量>3萬
【DELL 戴爾】福利品 Dell R4301U 機架式伺服器 E5 2630V4*2/H330/32G/2T*1/450W(套餐三),"$33,900",
【DELL 戴爾】福利品 Dell R4301U 機架式伺服器 E5 2686V4*2/H730P/256G/6T*4/450W*2(套餐九),"$125,000",
【DELL 戴爾】i7 RTX4080十六核商用電腦(XPS8960-R2768BTW/i7-13700K/32G/512G+2TB/RTX4080/W11P),"$88,999",
【DELL 戴爾】福利品 Dell R720xd 機架式伺服器 E5-2670*2 /128G/3T SAS*4/750W*2(套餐五),"$68,900",
【DELL 戴爾】福利品 Dell R720 機架式伺服器 E5-2670*2 /96G/2T SAS*4/750W(套餐四),"$55,900",
【DELL 戴爾】福利品 Dell R720 機架式伺服器 E5-2690*2 /128G/4T SAS*4/750W*2(套餐六),"$89,900",
【DELL 戴爾】福利品 Dell R730XD 機架式伺服器 E5-2686*2/H730P/256G/6T*4/750W*2(套餐九),"$125,000",
【DELL 戴爾】福利品 Dell R4301U 機架式伺服器 E5 2683V4*2/H730P/128G/4T*4/450W*2(套餐八),"$100,900",
【DELL 戴爾】Office 2021組★i5十核商用電腦(Vostro Small 3020/i5-13400/8G/256G+1TB/W11P),"$27,990",總銷量>3萬
【DELL 戴爾】微軟M365組★i7十六核桌上型電腦(Inspiron 3020T/i7-13700/16G/512G/W11),"$33,990",總銷量>1萬
【DELL 戴爾】W-2223 RTXA4000繪圖工作站(P5820/W-2223/32G ECC/2TB SSD+4TB/RTX A4000_16G/W11P),"$129,900",
【DELL 戴爾】W-2223 RTX3080工作站(P5820/W-2223/32G ECC/2TB SSD+2TB HDD/RTX3080_10G/W11P),"$109,900",
【DELL 戴爾】福利品 Dell R720xd 機架式伺服器 E5-2640*2 /16G/300G SAS*4/750W(套餐二),"$21,900",
【DELL 戴爾】福利品 Dell R720xd 機架式伺服器 E5-2670*2 /32G/2T SAS/750W(套餐三),"$32,900",
【DELL 戴爾】福利品 Dell R720xd 機架式伺服器 E5-2697*2 /256G/6T SAS*4/750W*2(套餐七),"$101,900",
【DELL 戴爾】福利品 Dell R720 機架式伺服器 E5-2670*2 /32G/2T SAS/750W(套餐三),"$33,900",
【DELL 戴爾】W-2223 RTX 4070Ti高階繪圖工作站(5820/W-2223/32G/2TB SSD+4TB HDD/RTX 4070Ti_12G/W11P),"$129,900",
【DELL 戴爾】20W快充行動電源組★16吋i7獨顯RTX輕薄筆電(Inspiron/16-7630-R3788STW-4Y/i7-13700H/16G/1TB,"$61,499","總銷量>3,000"
【DELL 戴爾】Office 2021組★i5十核商用電腦(Vostro Tower? 3020/i5-13400/8G/256G+1TB/W11P),"$22,999",總銷量>3萬
【DELL 戴爾】福利品 Dell R720xd 機架式伺服器 E5-2670*2 /96G/2T SAS*4/750W(套餐四),"$54,900",
【DELL 戴爾】福利品 Dell R720xd 機架式伺服器 E5-2690*2 /128G/4T SAS*4/750W*2(套餐六),"$88,900",
【DELL 戴爾】福利品 Dell R720xd 機架式伺服器 E5-2670*2 /16G/750W(套餐八),"$18,900",
【DELL 戴爾】福利品 Dell R720 機架式伺服器 E5-2697*2 /256G/6T SAS*4/750W*2(套餐七),"$111,900",
【DELL 戴爾】福利品 Dell R730 機架式伺服器 E5-2630V4*2/H330/16G/300G SAS*4/750W(套餐二),"$34,900",
【DELL 戴爾】福利品 Dell R730 機架式伺服器 E5-2630V4*2/H330/32G/2T/750W(套餐三),"$38,900",
【DELL 戴爾】福利品 Dell R730 機架式伺服器 E5-2670*2/H330/32G/2T*2/750W(套餐四),"$44,900",
【DELL 戴爾】福利品 Dell R730 機架式伺服器 E5-2680*2/H730P/128G/4T*4/750W(套餐七),"$99,900",
【DELL 戴爾】福利品 Dell R730 機架式伺服器 E5-2683V4*2/H730P/128G/4T*4/750W*2(套餐八),"$105,900",
【DELL 戴爾】福利品 Dell R730XD 機架式伺服器 E5-2630V4*2/H330/16G/300G SAS*4/750W(套餐二),"$29,900",
【DELL 戴爾】福利品 Dell R730XD 機架式伺服器 E5-2670*2/H330/32G/2T*2/750W(套餐四),"$39,900",
【DELL 戴爾】福利品 Dell R730XD 機架式伺服器 E5-2680*2/H730P/128G/4T*4/750W(套餐七),"$94,900",
【DELL 戴爾】福利品 Dell R730XD 機架式伺服器 E5-2683V4*2/H730P/128G/4T*4/750W*2(套餐八),"$100,900",
【DELL 戴爾】福利品 Dell R4301U 機架式伺服器 E5 2670V3*2/H330/16G/450W(套餐一),"$24,900",
【DELL 戴爾】福利品 Dell R4301U 機架式伺服器 E5 2670V3*2/H330/32G/2T*2/450W(套餐四),"$39,900",
【DELL 戴爾】福利品 Dell R4301U 機架式伺服器 E5 2670V3*2/H730/64G/2T*4/450W(套餐五),"$54,900",
【DELL 戴爾】福利品 Dell R4301U 機架式伺服器 E5 2680V4*2/H730/64G/2T*1/450W(套餐六),"$54,900",
【DELL 戴爾】福利品 Dell R4301U 機架式伺服器 E5 2680V4*2/H730P/128G/4T*4/450W(套餐七),"$94,900",
【戴爾康DELLCON】CE歐盟認證FFP2高防護口罩 N95等級醫療口罩(30入/盒),"$1,079","總銷量>3,000"
【DELLCON戴爾康】CE歐盟認證FFP2高防護口罩 N95等級醫療口罩(全國市占率銷售第一 N95等級醫療口罩),"$1,059",總銷量>100
在超市遇見戴爾．卡內基：跟人際關係大師學30個人心掌握術,$284,總銷量>100
【HENIS】買4送4木戴爾禮盒裝四角褲(共8件 涼感/男內褲/內褲/平口內褲),$999,"總銷量>3,000"
【戴爾康DELLCON】CE歐盟認證FFP2高防護口罩 N95等級醫療口罩(25入/盒 全新升級單片裝 momo獨家),"$1,074",總銷量>500
【HENIS】木戴爾運動機能長版內褲(防磨腿 男內褲 四角褲 大尺碼),$226,總銷量>50
【DELLCON戴爾康-單片包裝】FFP2/D2雙認證歐規N95等級醫療口罩(2023年新款-不易起毛 25入/盒),"$1,110","總銷量>1,000"
【HENIS】8件組 精選組合包柔順木戴爾/零著感四角褲/平織平口內褲(20週年超級回饋),$799,"總銷量>1,000"
【DELLCON戴爾康】五層FFP2高防護口罩30入(N95等級醫療口罩),"$1,150","總銷量>1,000"
【HAMEL】第二代藍牙版 Pen For Surface/HP/DELL觸控筆_支援更多品牌(曜石黑),"$1,428",總銷量>100
【HAMEL】藍牙版 Pen For Surface/HP/DELL觸控筆/bluetooth(炫目銀),"$1,428",總銷量>50
【HENIS】木戴爾 零著感 無痕內褲(隱形腰帶款-6件組),$681,
【LEGO 樂高】10316 《魔戒》瑞文戴爾(Icons系列),"$12,300",
【HENIS】韓國22顆磁石健康木戴爾男內褲,$490,總銷量>100
【台達電子】Innergie 90W T9 原廠變壓器 充電器 電源線(Asus Acer Hp Dell Lenovo),"$1,294",
【BODEN】戴爾4尺多功能升降仿石面大茶几/餐桌-折疊大桌面+附收納小椅凳二入,"$14,515",
【LEGO 樂高】積木 ICONS系列 魔戒 瑞文戴爾10316(台樂),"$13,459",
【HENIS】木戴爾 零著感 無痕內褲(彈性腰帶款-6件組),"$1,026",
【Ezstick】DELL Inspiron 15 7000 Gaming 15 7577 P72F 紅色機 透氣機身保護貼(含上蓋貼、鍵盤週圍貼),$353,
【YOUNGBABY】厚片鬆緊腰純色顯瘦莫戴爾九分褲(2件組),$638,
【Ezstick】DELL XPS 15 9570 P56F 觸控版 靜電式筆電LCD液晶螢幕貼(可選鏡面或霧面),$558,
【台達電子】Innergie 90W T9 原廠變壓器 充電器 電源線(Asus 華碩 Acer 宏碁 Hp Dell Lenovo 萬用變壓器),"$1,510",
【LEGO 樂高】積木 ICONS系列 魔戒 瑞文戴爾10316(活動限定),"$12,500",
【金安德森】KA莫戴爾休閒男上衣(共三色),$845,
【台灣製~護視長】27吋 抗藍光液晶螢幕 LCD護目鏡(DELL 系列 新規格),"$1,069",
【台灣製~護視長】22吋 抗藍光液晶螢幕護目鏡(DELL C款 E2219HN),$762,
【Ezstick】DELL Inspiron 15 5510 5515 P106F TOUCH PAD 觸控板 保護貼,$138,
【艾美時尚】現貨 短褲 休閒褲 顯瘦感莫戴爾休閒褲裙(酒紅),$449,
【小衣衫童裝】兒童夏季糖果色莫戴爾棉彈力七分褲(1080506),$156,總銷量>100
【AT HOME】4.6尺黑色雙色多功能工作桌/收銀桌/櫃檯桌/吧檯桌 現代簡約(史戴爾),"$6,450",
【艾美時尚】現貨 上衣 莫戴爾修身好感純色背心。加大碼M-2XL(5色&2款),$499,總銷量>50
【台灣製~護視長】24吋 抗藍光液晶螢幕 LCD護目鏡(DELL 系列二 新規格),$883,
【Ezstick】DELL XPS 13 9370 P82G 靜電式筆電LCD液晶螢幕貼(可選鏡面或霧面),$446,
【台灣製~護視長】24吋 抗藍光液晶螢幕 LCD護目鏡(DELL 系列一 新規格),$883,
【台灣製~護視長】24吋 抗藍光液晶螢幕護目鏡(DELL A2款 U2417H),$883,
【台灣製~護視長】28吋 抗藍光液晶螢幕 LCD護目鏡(DELL 系列 新規格),"$1,162",
【Ezstick】DELL Inspiron 13 5390 P114G 靜電式筆電LCD液晶螢幕貼(可選鏡面或霧面),$446,
【Ezstick】DELL Latitude 7420 P136G 黑色卡夢紋機身貼(含上蓋貼、鍵盤週圍貼、底部貼 共三張),$353,
【ABA】ARV-N003 Noble Wedge 4字輪纜繩鎖(字輪纜繩鎖/筆電鎖/for Dell Noble wedge laptop),$507,
【台灣製~護視長】27吋 抗藍光液晶螢幕護目鏡(DELL NEW系列),"$1,069",
【Ezstick】DELL XPS 13 9360 P54G 無指紋 非觸控版 二代透氣機身保護貼(含上蓋貼、鍵盤週圍貼、底部貼),$353,
【Ezstick】DELL Inspiron 13 7380 P83G 二代透氣機身保護貼(含上蓋貼、鍵盤週圍貼、底部貼),$353,
【Ezstick】DELL Vostro V14 5402 P130G 筆電用 防藍光 防窺片(左右防窺),$688,
心靈教父偉恩戴爾暢銷經典套書（二冊）：《為什麼你不敢面對真實的自己》、《為什麼你無法真正的快樂》,$553,
【台達電子】Innergie 65W 65U 原廠變壓器 充電器 電源線(Asus Acer Hp Dell Lenovo),$940,
【LEGO 樂高】Icons 10316 THE LORD OF THE RINGS: RIVENDELL(瑞文戴爾精靈庇護所 魔戒),"$11,249",總銷量>100
享受挑戰，贏得漂亮：戴爾電腦創辦人麥克．戴爾的領導者生存之戰,$420,總銷量>50
【Ezstick】DELL Inspiron 14 5480 P92G 13吋S 通用NB保護專案 三合一超值電腦包組(防震包),$305,
【TZ collection】莫戴爾蠶絲無痕牛奶光面兩穿內衣 4色(秋冬 溫暖 裸感 親膚 無鋼圈),$780,
【完美主義】戴爾全網頭靠氣墊腰靠T型扶手電腦椅/辦公椅/書桌椅,"$3,781",
【金安德森】KA莫戴爾連身高領洋裝(共二色),"$1,090",
【台灣製~護視長】22吋 抗藍光液晶螢幕護目鏡(DELL NEW系列),$762,
【金安德森】KA莫戴爾戴帽背心(共二色),"$1,195",
【Ezstick】DELL Inspiron 13 5330 P156G 奈米銀抗菌TPU 鍵盤保護膜(鍵盤膜),$289,
【Ezstick】DELL XPS 13 9360 P54G 無指紋 非觸控版 靜電式筆電LCD液晶螢幕貼(可選鏡面或霧面),$446,
【HENIS】3D無痕零著感 木戴爾V領衫(2件組),$567,
【台灣製~護視長】24吋 抗藍光液晶螢幕護目鏡(DELL NEW系列),$883,
【AS雅司設計】戴爾多段調整網布辦公椅,"$3,572",
【護視長】19吋 抗藍光液晶螢幕護目鏡(DELL B款 E1913S),$744,
【Ezstick】DELL XPS 13 9380 P82G 靜電式筆電LCD液晶螢幕貼(可選鏡面或霧面),$446,
【台灣製-護視長】29吋 抗藍光液晶螢幕 LCD護目鏡(DELL A款 U2917W),"$1,283",
【台灣製~護視長】22吋 抗藍光液晶螢幕護目鏡(DELL A款 S2218H),$762,
【文創集】戴爾 時尚3尺岩板圓几/大茶几,"$19,300",
【必登堡】戴爾德吊燈 【B560281】(客廳燈/工作室燈/走廊燈/空心圓形/古典/簡約/現代),"$14,166",
【Ezstick】DELL VOSTRO 3420 奈米銀 抗菌 TPU 鍵盤保護膜(鍵盤膜),$289,
【Ezstick】DELL Inspiron 14 5430 5435 奈米銀抗菌TPU 鍵盤保護膜(鍵盤膜),$289,
【COOLGUY COLLECT】戴爾紅牛 四合一仿真按摩陽具(按摩棒.情趣用品.DILDO.假陽具按摩棒),"$1,422",
【台灣製~護視長】25吋 抗藍光液晶螢幕護目鏡(DELL NEW系列),$911,
【護視長】24吋 抗藍光液晶螢幕護目鏡(DELL A1款 U2415),$976,
【Ezstick】DELL XPS 13 9370 P82G 防藍光螢幕貼(可選鏡面或霧面),$762,
【Ezstick】DELL XPS 15 9570 P56F 觸控版 TOUCH PAD 觸控板 保護貼,$138,
【Ezstick】DELL Inspiron 15 5580 P77F TOUCH PAD 觸控板 保護貼,$138,
【Ezstick】DELL Inspiron 15 5580 P77F 15吋 通用多功能時尚電腦防震電腦包(內膽包),$650,
【Ezstick】DELL Inspiron 14 5480 P92G 靜電式筆電LCD液晶螢幕貼(可選鏡面或霧面),$446,
【台灣製~護視長】19吋抗藍光液晶螢幕 LCD護目鏡(DELL 系列 新規格),$734,
【AS雅司設計】戴爾香檜化妝台含椅-88x42x146cm,"$13,290",
【Ezstick】DELL Inspiron 13 5390 P114G 12吋S 通用NB保護專案 三合一超值電腦包組(防震包),$305,
【Ezstick】DELL Inspiron 14 5490 P116G 奈米銀抗菌TPU 鍵盤保護膜(鍵盤膜),$289,
【Ezstick】DELL XPS 13 7390 P82G 靜電式筆電LCD液晶螢幕貼(可選鏡面或霧面),$446,
【台灣製~護視長】24吋 抗藍光液晶螢幕護目鏡(DELL B款 S2417HG),$883,
【Ezstick】DELL Inspiron 14 5401 P130G 13吋S 通用NB保護專案 三合一超值電腦包組(防震包),$305,
【Ezstick】DELL XPS 15 9500 P91F 15吋SS 通用NB保護專案 三合一超值電腦包組(避震包),$305,
【Ezstick】DELL Latitude 5511 P80F 15吋S 通用NB保護專案 三合一超值電腦包組(避震包),$305,
【Ezstick】DELL Vostro 16 5620 P117 奈米銀抗菌TPU 鍵盤保護膜(鍵盤膜),$289,
【Ezstick】DELL Inspiron 15 7510 P106F 奈米銀抗菌TPU 鍵盤保護膜(鍵盤膜),$289,
【MyBook】享受挑戰，贏得漂亮：戴爾電腦創辦人麥克．戴爾的領導者生存之戰(電子書),$420,
【Ezstick】DELL Vostro V16 7620 P117F 奈米銀抗菌TPU 鍵盤保護膜(鍵盤膜),$289,
【Ezstick】DELL VOSTRO V15 3525 抗菌 TPU 鍵盤膜 奈米銀抗菌TPU 鍵盤保護膜(鍵盤膜),$289,
【Ezstick】DELL INSPIRON 16 PLUS 7620 奈米銀抗菌TPU 鍵盤保護膜(鍵盤膜),$289,
【Ezstick】DELL INSPIRON 16 5625 奈米銀抗菌TPU 鍵盤保護膜(鍵盤膜),$289,
【Ezstick】DELL INSPIRON 14 PLUS 7420 奈米銀抗菌TPU 鍵盤保護膜(鍵盤膜),$289,
【EZstick】DELL Latitude 15 E5550 專用 靜電式筆電液晶螢幕貼(可選鏡面或霧面),$432,
【綠活居】戴爾 時尚3尺二抽書桌/電腦桌(三色可選),"$2,718",
【護視長】22吋 抗藍光液晶螢幕護目鏡(DELL A1款 S2216M),$883,
【護視長】24吋 抗藍光液晶螢幕護目鏡(DELL A2款 U2417H),$976,
【Ezstick】DELL XPS 13 9370 P82G 二代透氣機身保護貼(含上蓋貼、鍵盤週圍貼、底部貼),$353,
【Ezstick】DELL Inspiron 15 7000 Gaming 15 7577 P72F 防藍光螢幕貼(可選鏡面或霧面),$837,
【Ezstick】DELL Inspiron 15 7000 Gaming 15 7577 P72F 黑色機 黑色立體紋機身貼(含上蓋貼、鍵盤週圍貼),$353,
【Ezstick】DELL Inspiron 15 7000 Gaming 15 7577 P72F 靜電式筆電LCD液晶螢幕貼(可選鏡面或霧面),$446,
【Ezstick】DELL Inspiron 15 7000 Gaming 15 7577 P72F TOUCH PAD 觸控板 保護貼,$138,
【Ezstick】DELL Inspiron 13 5370 P87G 防藍光螢幕貼(可選鏡面或霧面),$641,
【Ezstick】DELL Inspiron 13 5370 P87G 靜電式筆電LCD液晶螢幕貼(可選鏡面或霧面),$446,
【Ezstick】DELL Inspiron 13 5370 P87G 二代透氣機身保護貼(含上蓋貼、鍵盤週圍貼、底部貼),$353,
【Ezstick】DELL Inspiron 13 5370 P87G TOUCH PAD 觸控板 保護貼,$138,
【Ezstick】DELL Inspiron 15 3567 黑色立體紋機身貼(含上蓋貼、鍵盤週圍貼),$353,
【Ezstick】DELL Inspiron 15 3567 靜電式筆電LCD液晶螢幕貼(可選鏡面或霧面),$446,
【Ezstick】DELL Inspiron 15 Gaming 7566 7567 P65F 黑色立體紋機身貼(含上蓋貼、鍵盤週圍貼),$353,
【Ezstick】DELL Inspiron 15 Gaming 7566 7567 P65F 靜電式筆電LCD液晶螢幕貼(可選鏡面或霧面),$446,
【Ezstick】DELL Inspiron 15 3567 防藍光螢幕貼(可選鏡面或霧面),$837,
【Ezstick】DELL Inspiron 15 3567 TOUCH PAD 觸控板 保護貼,$138,
【Ezstick】DELL Inspiron 15 Gaming 7566 7567 P65F 二代透氣機身保護貼(含上蓋貼、鍵盤週圍貼),$353,
【Ezstick】DELL Inspiron 15 Gaming 7566 7567 P65F 防藍光螢幕貼(可選鏡面或霧面),$837,
【Ezstick】DELL Inspiron 15 Gaming 7566 7567 P65F TOUCH PAD 觸控板 保護貼,$138,
【Ezstick】DELL XPS 13 9370 P82G 奈米銀抗菌TPU 鍵盤保護膜(鍵盤膜),$289,
【Ezstick】DELL Inspiron 15 7000 Gaming 15 7577 P72F 奈米銀抗菌TPU 鍵盤保護膜(鍵盤膜),$289,
【Ezstick】DELL XPS 15 9570 P56F 觸控版 二代透氣機身保護貼(含上蓋貼、鍵盤週圍貼、底部貼),$353,
【Ezstick】DELL XPS 15 9570 P56F 非觸控版 二代透氣機身保護貼(含上蓋貼、鍵盤週圍貼、底部貼),$353,
【Ezstick】DELL XPS 15 9570 P56F 非觸控版 防藍光螢幕貼(可選鏡面或霧面),$837,
【Ezstick】DELL XPS 15 9570 P56F 非觸控版 靜電式筆電LCD液晶螢幕貼(可選鏡面或霧面),$446,
【Ezstick】DELL XPS 15 9570 P56F 非觸控版 TOUCH PAD 觸控板 保護貼,$138,
【Ezstick】DELL XPS 15 9570 P56F 觸控版 防藍光螢幕貼(可選鏡面或霧面),"$1,041",
【Ezstick】DELL Inspiron 15 3567 奈米銀抗菌TPU 鍵盤保護膜(鍵盤膜),$289,
【Ezstick】DELL Inspiron 15 Gaming 7566 7567 P65F 奈米銀抗菌TPU 鍵盤保護膜(鍵盤膜),$289,
【Ezstick】DELL XPS 13 9360 P54G 指紋機 非觸控版 防藍光螢幕貼(可選鏡面或霧面),$641,
【Ezstick】DELL XPS 13 9360 P54G 指紋機 非觸控版 靜電式筆電LCD液晶螢幕貼(可選鏡面或霧面),$446,
【Ezstick】DELL XPS 13 9360 P54G 無指紋 非觸控版 防藍光螢幕貼(可選鏡面或霧面),$641,
【Ezstick】DELL XPS 13 9360 P54G 指紋機 非觸控版 二代透氣機身保護貼(含上蓋貼、鍵盤週圍貼、底部貼),$353,
【Ezstick】DELL Inspiron 15 5580 P77F 二代透氣機身保護貼(含上蓋貼、鍵盤週圍貼、底部貼),$353,
【Ezstick】DELL Inspiron 15 5580 P77F 靜電式筆電LCD液晶螢幕貼(可選鏡面或霧面),$446,
【Ezstick】DELL Inspiron 15 5580 P77F 15吋S 通用NB保護專案 三合一超值電腦包組(防震包),$305,
【Ezstick】DELL Inspiron 15 5580 P77F 防藍光螢幕貼(可選鏡面或霧面),$837,
【Ezstick】DELL Inspiron 15 3576 黑色立體紋機身貼(含上蓋貼、鍵盤週圍貼),$353,
【Ezstick】DELL Inspiron 15 3576 防藍光螢幕貼(可選鏡面或霧面),$837,
【Ezstick】DELL Inspiron 15 3576 TOUCH PAD 觸控板 保護貼,$138,
【Ezstick】DELL Inspiron 15 3576 靜電式筆電LCD液晶螢幕貼(可選鏡面或霧面),$446,
【Ezstick】DELL G5-5587 P72F 奈米銀抗菌TPU 鍵盤保護膜(鍵盤膜),$289,
【Ezstick】DELL Inspiron 15 3576 奈米銀抗菌TPU 鍵盤保護膜(鍵盤膜),$289,
【Ezstick】DELL G3-3579 P75F 奈米銀抗菌TPU 鍵盤保護膜(鍵盤膜),$289,
【Ezstick】DELL G3-3579 P75F 二代透氣機身保護貼(含上蓋貼、鍵盤週圍貼、底部貼),$353,
【Ezstick】DELL G3-3579 P75F 靜電式筆電LCD液晶螢幕貼(可選鏡面或霧面),$446,
【Ezstick】DELL G5-5587 P72F 紅色機專用 二代透氣機身保護貼(含上蓋貼、鍵盤週圍貼),$353,
【Ezstick】DELL G5-5587 P72F 黑色機專用 黑色立體紋機身貼(含上蓋貼、鍵盤週圍貼),$353,
【Ezstick】DELL G5-5587 P72F 防藍光螢幕貼(可選鏡面或霧面),$837,
【Ezstick】DELL G5-5587 P72F 靜電式筆電LCD液晶螢幕貼(可選鏡面或霧面),$446,
【Ezstick】DELL Inspiron 13 7380 P83G 防藍光螢幕貼(可選鏡面或霧面),$641,
【Ezstick】DELL Inspiron 13 7380 P83G 靜電式筆電LCD液晶螢幕貼(可選鏡面或霧面),$446,
【Ezstick】DELL Inspiron 13 7380 P83G TOUCH PAD 觸控板 保護貼,$138,
【Ezstick】DELL G3-3579 P75F 防藍光螢幕貼(可選鏡面或霧面),$837,
【Ezstick】DELL G3-3579 P75F TOUCH PAD 觸控板 保護貼,$138,
【Ezstick】DELL G5-5587 P72F TOUCH PAD 觸控板 保護貼,$138,
【Ezstick】DELL Inspiron 15 7580 P70F 二代透氣機身保護貼(含上蓋貼、鍵盤週圍貼、底部貼),$353,
【Ezstick】DELL Inspiron 15 7580 P70F 靜電式筆電LCD液晶螢幕貼(可選鏡面或霧面),$446,
【Ezstick】DELL Inspiron 15 7580 P70F 防藍光螢幕貼(可選鏡面或霧面),$837,
【Ezstick】DELL Inspiron 15 7580 P70F TOUCH PAD 觸控板 保護貼,$138,
【Ezstick】DELL Inspiron 15 7580 P70F 15吋S 通用NB保護專案 三合一超值電腦包組(防震包),$305,
【Ezstick】DELL XPS 13 9380 P82G 奈米銀抗菌TPU 鍵盤保護膜(鍵盤膜),$289,
【Ezstick】DELL XPS 13 9380 P82G 防藍光螢幕貼(可選鏡面或霧面),$762,
【Ezstick】DELL XPS 13 9380 P82G 二代透氣機身保護貼(含上蓋貼、鍵盤週圍貼、底部貼),$353,
【Ezstick】DELL Inspiron 14 5480 P92G 防藍光螢幕貼(可選鏡面或霧面),$762,
【Ezstick】DELL Inspiron 14 5480 P92G TOUCH PAD 觸控板 保護貼,$138,
【Ezstick】DELL Inspiron 14 5480 P92G 二代透氣機身保護貼(含上蓋貼、鍵盤週圍貼、底部貼),$353,
【台灣製~護視長】22吋 抗藍光液晶螢幕 LCD護目鏡(DELL 系列二 新規格),$762,
【台灣製~護視長】23吋 抗藍光液晶螢幕 LCD護目鏡(DELL 系列 新規格),$883,
【台灣製~護視長】20吋抗藍光液晶螢幕 LCD護目鏡(DELL 系列 新規格),$762,
【台灣製~護視長】22吋 抗藍光液晶螢幕 LCD護目鏡(DELL 系列一 新規格),$762,
【台灣製~護視長】25吋 抗藍光液晶螢幕 LCD護目鏡(DELL 系列 新規格),$911,
【Ezstick】DELL Inspiron 15 5567 P66F 二代透氣機身保護貼(含上蓋貼、鍵盤週圍貼),$353,
【Ezstick】DELL Inspiron 15 5567 P66F 防藍光螢幕貼(可選鏡面或霧面),$837,
【Ezstick】DELL Inspiron 15 5567 P66F 靜電式筆電LCD液晶螢幕貼(可選鏡面或霧面),$446,
【Ezstick】DELL Inspiron 15 5567 P66F TOUCH PAD 觸控板 保護貼,$138,
【Ezstick】DELL Inspiron 15 5567 P66F 奈米銀抗菌TPU 鍵盤保護膜(鍵盤膜),$289,
【台灣製 24吋】高透光液晶螢幕護目防撞保護鏡(DELL 系列一 新規格),$663,
【台灣製 24吋】高透光液晶螢幕護目防撞保護鏡(DELL 系列二 新規格),$663,
【台灣製 25吋】高透光液晶螢幕護目防撞保護鏡(DELL 系列 新規格),$722,
【台灣製 28吋】高透光液晶螢幕護目防撞保護鏡(DELL 系列 新規格),$807,
【台灣製 27吋】高透光液晶螢幕護目防撞保護鏡(DELL 系列 新規格),$748,
【Ezstick】DELL Inspiron 15 7590 P83F 黑色立體紋機身貼(含上蓋貼、鍵盤週圍貼),$353,
【Ezstick】DELL Inspiron 15 7590 P83F 防藍光螢幕貼(可選鏡面或霧面),$837,
【Ezstick】DELL Inspiron 15 7590 P83F 靜電式筆電LCD液晶螢幕貼(可選鏡面或霧面),$446,
【Ezstick】DELL Inspiron 15 7590 P83F TOUCH PAD 觸控板 保護貼,$138,
【Ezstick】DELL Inspiron 15 7590 P83F 奈米銀抗菌TPU 鍵盤保護膜(鍵盤膜),$289,
【Ezstick】DELL Inspiron 15 7590 P83F 15吋SS 通用NB保護專案 三合一超值電腦包組(防震包),$305,
【Ezstick】DELL Inspiron 13 5390 P114G 二代透氣機身保護貼(含上蓋貼、鍵盤週圍貼、底部貼),$353,
【Ezstick】DELL Inspiron 13 5390 P114G 防藍光螢幕貼(可選鏡面或霧面),$641,
【Ezstick】DELL Inspiron 13 5390 P114G TOUCH PAD 觸控板 保護貼,$138,
【Ezstick】DELL Inspiron 13 5390 P114G 奈米銀抗菌TPU 鍵盤保護膜(鍵盤膜),$289,
【AS雅司設計】戴爾香檜2尺衣櫃-60x59x196cm,"$12,299",
【AS雅司設計】戴爾香檜3尺衣櫃附鐵籃-81x59x196cm,"$17,299",
【AS雅司設計】戴爾香檜六斗櫃-106x42x78cm,"$15,200",
【AS雅司設計】戴爾香檜雙人加大6尺床-183x203x105cm,"$21,382",
【AS雅司設計】戴爾香檜雙人5尺床-153x203x105cm,"$18,795",
【AS雅司設計】戴爾香檜床頭櫃-52x42x53cm,"$5,649",
【AS雅司設計】戴爾香檜3尺衣櫃-81x59x196cm,"$16,299",
【Ezstick】DELL G5-5590 防藍光螢幕貼(可選鏡面或霧面),$837,
【Ezstick】DELL G7-7590 防藍光螢幕貼(可選鏡面或霧面),$837,
【Ezstick】DELL G7-7590 靜電式筆電LCD液晶螢幕貼(可選鏡面或霧面),$446,
【Ezstick】DELL G5-5590 靜電式筆電LCD液晶螢幕貼(可選鏡面或霧面),$446,
【Ezstick】DELL Vostro 5481 P92G 二代透氣機身保護貼(含上蓋貼、鍵盤週圍貼、底部貼),$353,
【Ezstick】DELL Vostro 5481 P92G 防藍光螢幕貼(可選鏡面或霧面),$762,
【Ezstick】DELL Vostro 5481 P92G 靜電式筆電LCD液晶螢幕貼(可選鏡面或霧面),$446,
【Ezstick】DELL Vostro 5481 P92G 13吋S 通用NB保護專案 三合一超值電腦包組(防震包),$305,
【Ezstick】DELL G3-3590 奈米銀抗菌TPU 鍵盤保護膜(鍵盤膜),$289,
【Ezstick】DELL G5-5590 奈米銀抗菌TPU 鍵盤保護膜(鍵盤膜),$289,
【Ezstick】DELL G7-7590 奈米銀抗菌TPU 鍵盤保護膜(鍵盤膜),$289,
【Ezstick】DELL Inspiron 13 5391 P114G 奈米銀抗菌TPU 鍵盤保護膜(鍵盤膜),$289,
【Ezstick】DELL Inspiron 13 5391 P114G 二代透氣機身保護貼(含上蓋貼、鍵盤週圍貼、底部貼),$353,
【Ezstick】DELL Inspiron 13 5391 P114G 防藍光螢幕貼(可選鏡面或霧面),$641,
【Ezstick】DELL Inspiron 13 5391 P114G 靜電式筆電LCD液晶螢幕貼(可選鏡面或霧面),$446,
【Ezstick】DELL Inspiron 13 5391 P114G TOUCH PAD 觸控板 保護貼,$138,
【Ezstick】DELL Inspiron 14 5490 P116G 二代透氣機身保護貼(含上蓋貼、鍵盤週圍貼、底部貼),$353,
【Ezstick】DELL Inspiron 14 5490 P116G 防藍光螢幕貼(可選鏡面或霧面),$762,
【Ezstick】DELL Inspiron 14 5490 P116G 靜電式筆電LCD液晶螢幕貼(可選鏡面或霧面),$446,
【Ezstick】DELL Inspiron 14 5490 P116G TOUCH PAD 觸控板 保護貼,$138,
【Ezstick】DELL Inspiron 14 5490 P116G 13吋S 通用NB保護專案 三合一超值電腦包組(防震包),$305,
【Ezstick】DELL Inspiron 14 7490 P115G 防藍光螢幕貼(可選鏡面或霧面),$762,
【Ezstick】DELL Inspiron 14 7490 P115G 靜電式筆電LCD液晶螢幕貼(可選鏡面或霧面),$446,
【Ezstick】DELL Inspiron 14 7490 P115G 奈米銀抗菌TPU 鍵盤保護膜(鍵盤膜),$289,
【Ezstick】DELL Inspiron 15 5590 P88F 奈米銀抗菌TPU 鍵盤保護膜(鍵盤膜),$289,
【Ezstick】DELL Inspiron 15 5593 P90F 奈米銀抗菌TPU 鍵盤保護膜(鍵盤膜),$289,
【Ezstick】DELL Vostro V14 5490 P116G 奈米銀抗菌TPU 鍵盤保護膜(鍵盤膜),$289,
【Ezstick】DELL XPS 13 7390 P82G 奈米銀抗菌TPU 鍵盤保護膜(鍵盤膜),$289,
【Ezstick】DELL Inspiron 15 5590 P88F 防藍光螢幕貼(可選鏡面或霧面),$837,
【Ezstick】DELL Inspiron 15 5590 P88F 靜電式筆電LCD液晶螢幕貼(可選鏡面或霧面),$446,
【Ezstick】DELL Inspiron 15 5593 P90F 防藍光螢幕貼(可選鏡面或霧面),$837,
【Ezstick】DELL Inspiron 15 5593 P90F 靜電式筆電LCD液晶螢幕貼(可選鏡面或霧面),$446,
【Ezstick】DELL Latitude 5401 防藍光螢幕貼(可選鏡面或霧面),$762,
【Ezstick】DELL Latitude 5401 靜電式筆電LCD液晶螢幕貼(可選鏡面或霧面),$446,
【Ezstick】DELL Latitude 5501 防藍光螢幕貼(可選鏡面或霧面),$837,
【Ezstick】DELL Latitude 5501 靜電式筆電LCD液晶螢幕貼(可選鏡面或霧面),$446,
【Ezstick】DELL Latitude 7400 防藍光螢幕貼(可選鏡面或霧面),$762,
【Ezstick】DELL Latitude 7400 靜電式筆電LCD液晶螢幕貼(可選鏡面或霧面),$446,
【Ezstick】DELL Vostro V14 5490 P116G 防藍光螢幕貼(可選鏡面或霧面),$762,
【Ezstick】DELL Vostro V14 5490 P116G 靜電式筆電LCD液晶螢幕貼(可選鏡面或霧面),$446,
【Ezstick】DELL XPS 13 7390 P82G 二代透氣機身保護貼(含上蓋貼、鍵盤週圍貼、底部貼),$353,
【Ezstick】DELL XPS 13 7390 P82G 防藍光螢幕貼(可選鏡面或霧面),$641,
【Ezstick】DELL XPS 15 7590 P56F 二代透氣機身保護貼(含上蓋貼、鍵盤週圍貼、底部貼),$353,
【Ezstick】DELL XPS 15 7590 P56F 防藍光螢幕貼(可選鏡面或霧面),$837,
【Ezstick】DELL XPS 15 7590 P56F 靜電式筆電LCD液晶螢幕貼(可選鏡面或霧面),$446,
【Ezstick】DELL XPS 15 7590 P56F TOUCH PAD 觸控板 保護貼,$138,
【Ezstick】DELL G7-7590 P82F 黑色立體紋機身貼(含上蓋貼、鍵盤週圍貼、底部貼),$353,
【Ezstick】DELL Inspiron 13 5391 P114G 12吋S 通用NB保護專案 三合一超值電腦包組(防震包),$305,
【Ezstick】DELL Inspiron 14 7490 P115G 二代透氣機身保護貼(含上蓋貼、鍵盤週圍貼、底部貼),$353,
【Ezstick】DELL Inspiron 14 7490 P115G TOUCH PAD 觸控板 保護貼,$138,
【台灣製~護視長】25吋 抗藍光液晶螢幕 LCD護目鏡(DELL B款 UP2516D),$911,
【台灣製~護視長】25吋 抗藍光液晶螢幕 LCD護目鏡(DELL B款 AW2518H),$911,
【Ezstick】DELL Inspiron 15 5593 P90F 奈米銀抗菌TPU 鍵盤保護膜(鍵盤膜),$289,
【Ezstick】DELL Inspiron 15 5593 P90F 15吋S 通用NB保護專案 三合一超值電腦包組(避震包),$305,
【Ezstick】DELL Inspiron 15 5593 P90F 二代透氣機身保護貼(含上蓋貼、鍵盤週圍貼),$353,
【Ezstick】DELL Inspiron 15 5593 P90F 黑色立體紋機身貼(含上蓋貼、鍵盤週圍貼),$353,
【Ezstick】DELL Inspiron 15 5593 P90F 靜電式筆電LCD液晶螢幕貼(可選鏡面或霧面),$446,
【Ezstick】DELL Inspiron 15 5593 P90F TOUCH PAD 觸控板 保護貼,$138,
【Ezstick】DELL G3 3590 P89F 奈米銀抗菌TPU 鍵盤保護膜(鍵盤膜),$289,
【台灣製-護視長】19吋抗藍光液晶螢幕 LCD護目鏡(DELL B款 E1913S),$734,
【台灣製~護視長】24吋 抗藍光液晶螢幕護目鏡(DELL D款 P2415Q),$883,
【台灣製~護視長】24吋 抗藍光液晶螢幕護目鏡(DELL A1款 U2415),$883,
【台灣製~護視長】24吋 抗藍光液晶螢幕護目鏡(DELL A2款 U24127HWI),$883,
【台灣製~護視長】24吋 抗藍光液晶螢幕護目鏡(DELL A2款 S2418H),$883,
【台灣製~護視長】24吋 抗藍光液晶螢幕護目鏡(DELL A2款 P2418D),$883,
【台灣製-護視長】19吋抗藍光液晶螢幕 LCD護目鏡(DELL C款 E1916H),$734,
【台灣製~護視長】22吋 抗藍光液晶螢幕護目鏡(DELL A1款 S2216M),$762,
【台灣製~護視長】25吋 抗藍光液晶螢幕 LCD護目鏡(DELL B款 U2518D),$911,
【Ezstick】DELL Latitude 7410 P119G 13吋S 通用NB保護專案 三合一超值電腦包組(防震包),$305,
【Ezstick】DELL Inspiron 14 5401 P130G 奈米銀抗菌TPU 鍵盤保護膜(鍵盤膜),$289,
【Ezstick】DELL XPS 13 9300 P117G 12吋S 通用NB保護專案 三合一超值電腦包組(防震包),$305,
【Ezstick】DELL Inspiron 5301 P121G 12吋S 通用NB保護專案 三合一超值電腦包組(防震包),$305,
【Ezstick】DELL Inspiron 15 5502 P102F 15吋SS 通用NB保護專案 三合一超值電腦包組(避震包),$305,
【Ezstick】DELL Inspiron 5301 P121G 奈米銀抗菌TPU 鍵盤保護膜(鍵盤膜),$289,
【Ezstick】DELL Inspiron 15 5502 P102F 奈米銀抗菌TPU 鍵盤保護膜(鍵盤膜),$289,
【Ezstick】DELL XPS 13 9310 P117G 12吋S 通用NB保護專案 三合一超值電腦包組(防震包),$305,
【Ezstick】DELL Inspiron 13 7306 P125G 奈米銀抗菌TPU 鍵盤保護膜(鍵盤膜),$289,
【Ezstick】DELL Vostro V14 5402 P130G 奈米銀抗菌TPU 鍵盤保護膜(鍵盤膜),$289,
【Ezstick】Dell Inspiron 3501 3505 P90F 奈米銀抗菌TPU 鍵盤保護膜(鍵盤膜),$289,
【Ezstick】DELL Inspiron 15 5510 5515 P106F 奈米銀抗菌TPU 鍵盤保護膜(鍵盤膜),$289,
【Ezstick】Dell Inspiron 14 5410 5415 P143G 二代透氣機身保護貼(含上蓋貼、鍵盤週圍貼、底部貼),$353,
【Ezstick】Dell Inspiron 3501 3505 P90F 二代透氣機身保護貼(含上蓋貼、鍵盤週圍貼),$353,
【Ezstick】DELL Inspiron 15 5510 5515 P106F 二代透氣機身保護貼(含上蓋貼、鍵盤週圍貼、底部貼),$353,
【Ezstick】DELL Inspiron 13 7306 P125G 黑色卡夢紋機身貼(含上蓋貼、鍵盤週圍貼、底部貼),$353,
【Ezstick】DELL Vostro V14 5402 P130G 透明菱格紋機身保護貼(含上蓋貼、鍵盤週圍貼、底部貼),$353,
【Ezstick】Dell Latitude 9510 P94F 透明菱格紋機身保護貼(含上蓋貼、鍵盤週圍貼、底部貼),$353,
【Ezstick】Dell Inspiron 14 5410 5415 P143G TOUCH PAD 觸控板 保護貼,$138,
【Ezstick】Dell Inspiron 3501 3505 P90F TOUCH PAD 觸控板 保護貼,$138,
【Ezstick】DELL Vostro V14 5402 P130G TOUCH PAD 觸控板 保護貼,$138,
【Ezstick】Dell Latitude 9510 P94F TOUCH PAD 觸控板 保護貼,$138,
【Ezstick】DELL Inspiron 15 5510 5515 P106F 靜電式筆電 螢幕貼(可選鏡面或霧面),$446,
【Ezstick】Dell Inspiron 14 5410 5415 P143G 靜電式筆電 螢幕貼(可選鏡面或霧面),$446,
【Ezstick】Dell Inspiron 3501 3505 P90F 靜電式筆電 螢幕貼(可選鏡面或霧面),$446,
【Ezstick】DELL Inspiron 13 7306 P125G 靜電式筆電 螢幕貼(可選鏡面或霧面),$446,
【Ezstick】DELL Vostro V14 5402 P130G 靜電式筆電 螢幕貼(可選鏡面或霧面),$446,
【Ezstick】Dell Latitude 9510 P94F 靜電式筆電 螢幕貼(可選鏡面或霧面),$446,
【Ezstick】DELL Inspiron 15 5510 5515 P106F 筆電用 防藍光 高清 防窺片(左右防窺),$743,
【Ezstick】Dell Inspiron 14 5410 5415 P143G 筆電用 防藍光 高清 防窺片(左右防窺),$688,
【完美主義】戴爾全網頭靠氣墊腰靠扶手電腦椅/辦公椅/書桌椅,"$4,560",
【Ezstick】DELL Inspiron 15 3511 3515 P112F 奈米銀抗菌TPU 鍵盤保護膜(鍵盤膜),$289,
【Ezstick】DELL Inspiron 15 3511 3515 P112F 筆電用 防藍光 防窺片(左右防窺),$743,
【Ezstick】DELL Inspiron 15 3511 3515 P112F 透明菱格紋 機身貼(含上蓋貼、鍵盤週圍貼、底部貼),$353,
【Ezstick】DELL Inspiron 15 3511 3515 P112F 筆電用 防藍光 防眩光 360° 防窺片(上下左右防窺),$976,
【Ezstick】DELL Inspiron 15 5510 5515 P106F 筆電用 防藍光 防眩光 360° 防窺片(上下左右防窺),$976,
【Ezstick】Dell Inspiron 14 5410 5415 P143G 筆電用 防藍光 防眩光 360° 防窺片(上下左右防窺),$892,
【Ezstick】DELL ALWA 15M P87F 適用 靜電式筆電LCD液晶螢幕貼(可選鏡面或霧面),$446,
【Ezstick】Dell Inspiron 16 plus 7610 P107F 奈米銀抗菌TPU 鍵盤保護膜(鍵盤膜),$289,
超譯戴爾．卡耐基,$189,
以小搏大《戴爾的七堂全球行銷課》,$133,
阿德勒教你體貼對方難過心理的回話課：連戴爾．卡內基都深受影響的33句正向說話技巧！,$205,
卡內基：人性的弱點,$221,總銷量>500
精微圈：重建身心靈能量防護網，打造靈性疆界，拒絕能量流失，迎接豐盛（二版）,$379,
卡內基說話之道：如何贏取友誼與影響他人；人際溝通經典《人性的弱點》原版重現全譯本,$355,總銷量>100
你問對問題了嗎？：重組問題框架、精準決策的創新解決工具,$474,總銷量>500
精微體：人體能量解剖全書,$711,總銷量>100
卡內基幫助千萬人的基礎說話課：教你克服內向恐懼，掌握打動人心的重要關鍵！,$331,總銷量>50
卡內基成功學經典：人性的弱點 扭轉人生的勵志聖經，影響全球三億讀者（附全文配樂朗讀線上音檔）,$300,
豐盛顯化法則【全球暢銷經典】,$316,
超譯卡內基：溝通與人際關係的181則箴言,$237,總銷量>100
人性的弱點：卡內基教你贏得友誼並影響他人,$197,
人性的弱點：卡內基經典成功學，一針見血指出人類劣根性,$355,
圖解卡內基人際溝通,$189,
人性的優點：當你懂得欣賞別人，你才真正高人一等,$252,
卡耐基口才訓練,$237,
人性的弱點：暢銷不墜的成功學經典 向卡內基學習交心溝通術與好感度人際學,$252,總銷量>100
卡內基：遠離焦慮，擁有快樂生活,$221,
卡內基快樂學：如何停止憂慮重新生活〔最新全譯本〕,$250,總銷量>100
人性的弱點：卡內基的溝通技巧與人際賽局,$252,總銷量>50
卡內基成功學經典：人性的優點 戰勝憂慮的不朽經典 影響全球三億讀者！（附全文配樂朗讀線上音檔）,$300,
小黃兔和綠薄荷的森林事件簿-注音版,$660,總銷量>50
10-14歲青少年，你在想什麼？,$300,
好棒的小精靈,$221,
因為是爸媽，你值得輕鬆快樂每一天——不需要多做什麼，只要改變觀,$228,
為什麼你無法真正的快樂：運用選擇的力量，找出你的人生使命，成就真實的自己,$276,
侍茶師：160堂經典茶藝課,$379,
人性的弱點（典藏版）,$252,
【赫威．托雷】藝術家公事包,$900,總銷量>100
卡內基認識你的敵人－憂慮【經典新版】,$202,
卡內基說話術：表達自我溝通訓練課，改變億萬讀者命運的暢銷勵志經典,$252,
靈性導師與智者的心靈對話——關於冥想、孤獨、愛與其它的每日靈性練習,$355,
勵志聖經：卡耐基之人性的弱點與優點,$175,
卡內基演講術：開發自我口才訓練課，改變億萬讀者命運的暢銷勵志經典,$237,總銷量>50
人性的弱點.2,$237,
人性的弱點（經典版）,$221,總銷量>100
卡內基人生致勝教典【經典新版】,$202,
如何停止自己不開心,$252,
小鼠拍檔：康柏與小波（中英雙語讀本）,$276,
小鼠拍檔：康柏與小波的遊樂園之旅（中英雙語讀本）,$276,
魅力人生，很簡單：卡內基寫給女人的快樂魔法書,$181,
幸福人生，很容易：成功學大師卡內基寫給女人的快樂魔法書2,$173,
網紅影響力：自媒體如何塑造我們的數位時代,$270,
藍色海豚島,$205,
精微體療癒指南,$513,總銷量>50
法國女人吃美食享瘦的5/2健康輕斷食,$379,
為什麼你不敢面對真實的自己？：停止內疚、恐懼，別再製造藉口，過你想過的生活,$276,
如何跟孩子有效的溝通【20週年紀念版】,$350,
吞下宇宙的男孩,$442,
培養高自尊的對話練習,$350,
大衛就知道他是王：身分――開啟你的命定之鑰,$221,
自由自造：風靡世界200個城市，數百萬人投入，改寫全球製造版圖的創客運動，正在翻轉我們的教育力、工作力,$363,
突破生理限制的顛峰表現：你的「身體智能」，決定你的成就高度,$339,
人性的弱點.3,$237,
為什麼我總是不能勇敢做自己：相信自己的價值 遠離不自覺的弱者行為 你會比昨天更強大,$331,
雪中遇見狼,$237,
卡內基人性揭密教典【經典新版】,$202,
卡內基五分鐘名人秘史【經典新版】,$202,
演講技巧,$221,
人性的弱點,$189,總銷量>100
請你說話：卡內基給商界人士的演說力指導；說服X影響X打動人心的魅力口才；成功企業家的最強外掛,$250,
人性的弱點（增訂版）,$252,總銷量>100
卡內基：人性的優點,$221,總銷量>100
卡內基教你跟誰都能做朋友：讓巴菲特終生受益的一門課,$300,總銷量>100
卡內基：語言的突破,$237,
卡內基筆下的林肯【經典新版】,$202,
【MyBook】豐盛顯化法則【全球暢銷經典】(電子書),$237,
人性的弱點,$347,
卡內基成功學經典：人性的弱點﹝典藏精裝版﹞,$252,總銷量>100
哈雷――世界重機聖經：品牌故事X經典車款，超過570張精美圖片,$782,
終結阿茲海默症：第一個實證可預防、逆轉認知退化的療程,$299,總銷量>50
卡內基成功學經典：人性的弱點典藏有聲精裝版（全文配樂朗讀MP3）：扭轉人生的勵志聖經，影響全球3億讀者！,$331,
懶人也有發財的秘訣VIX,$316,
人性的弱點,$213,總銷量>50
說話教室,$237,
林肯外傳,$237,
人性的弱點【經典新版】,$180,
說話教室,$205,
別讓憂慮謀殺你自己,$213,
語言的藝術,$189,
卡耐基超越自己,$237,
人性的突破,$205,
心理學套書（路西法效應〔修訂版〕＋恨意、精神分析與羅夏克墨漬測驗）,$758,
服務創新時代關鍵報告,$260,
《人性的弱點》75周年最新增訂紀念版,$284,
來自亞伯拉罕的祕密,$205,
圖解卡內基人際溝通,$142,
智慧81－－一日一則•改變生命的奇蹟,$300,
智慧81：一日一則•改變生命的奇蹟,$300,
影響力的本質,$213,
演講技巧,$205,
如何克服憂慮,$237,
說話教室,$213,
優秀來自多一盎司的熱忱,$133,
生活中的瑜伽智慧：活出真我，體驗喜悅人生的十項法則,$276,
卡內基成功學經典：人性的優點典藏有聲精裝版（全文配樂朗讀MP3）,$331,
創新者的DNA（暢銷改版）:5個技巧，簡單學創新,$316,總銷量>50
環遊世界50年:一個瘋狂探險家的全球196國大進擊,$331,
史博蘭迪Ｋ線教戰手冊,$395,
精微圈：身心靈的全能量防護網,$276,
阿爾迪700種神奇致富,$316,
紅盾特別操盤策略,$316,
談論死亡,$252,
下一波繁榮，靠巴西：五大巨變導致世界經濟崩潰中，巴西如何帶動全球復甦？,$315,
行至生命盡頭：對於死亡與瀕死之坦誠、直接與慈悲的思索,$237,
我和巧克力野狼,$205,
偷書賊：建構統治者神話的文化洗劫與記憶消滅,$379,
【牛津通識課．宇宙篇】黑洞：扭曲時空之地,$244,
恨意、精神分析與羅夏克墨漬測驗：紐倫堡審判以來犯罪心理研究的演變,$316,
人性的弱點,$237,
卡耐基演講藝術,$237,
世界妖怪圖鑑 神魔鬼怪,$331,
